Event,Column 1,Column 2,Column 3,Column 4,Column 5
Event 138712468,,,,,
Event 138712481,,,,,
Event 138712459,,,,,
Event 138712494,,,,,
Event 138712447,,,,,
Event 138712475,2.34804,,,,
Event 138712514,,,,,
Event 138712526,,,,,
Event 138712483,,,,,
Event 138712542,,,,,
Event 138712537,,,,,
Event 138712467,-0.207223,,,,
Event 138712541,,,,,
Event 138712484,,,,,
Event 138712543,,,,,
Event 138712562,,,,,
Event 138712510,-1.69375,,,,
Event 138712544,,,,,
Event 138712482,,,,,
Event 138712561,,,,,
Event 138712566,,,,,
Event 138712580,,,,,
Event 138712532,,,,,
Event 138712594,,,,,
Event 138712584,,,,,
Event 138712602,,,,,
Event 138712598,,,,,
Event 138712556,,,,,
Event 138712600,,,,,
Event 138712599,,,,,
Event 138712595,-1.18662,,,,
Event 138712575,,,,,
Event 138712563,-0.319118,,,,
Event 138712603,,,,,
Event 138712614,,,,,
Event 138712618,,,,,
Event 138712606,,,,,
Event 138712631,,,,,
Event 138712625,,,,,
Event 138712615,0.178998,,,,
Event 138712607,,,,,
Event 138712577,,,,,
Event 138712642,-1.5574,,,,
Event 138712589,,,,,
Event 138712639,,,,,
Event 138712652,,,,,
Event 138712650,,,,,
Event 138712662,-0.673542,,,,
Event 138712653,,,,,
Event 138712656,0.667548,,,,
Event 138712641,-0.382433,,,,
Event 138712622,,,,,
Event 138712689,,,,,
Event 138712626,,,,,
Event 138712672,,,,,
Event 138712648,,,,,
Event 138712697,,,,,
Event 138712705,,,,,
Event 138712720,,,,,
Event 138712692,,,,,
Event 138712694,0.00261022,,,,
Event 138712729,0.458036,,,,
Event 138712710,,,,,
Event 138712685,-0.395552,,,,
Event 138712691,,,,,
Event 138712716,0.0823265,,,,
Event 138712738,,,,,
Event 138712730,,,,,
Event 138712760,-0.911385,,,,
Event 138712754,,,,,
Event 138712687,,,,,
Event 138712756,,,,,
Event 138712728,,,,,
Event 138712777,,,,,
Event 138712770,,,,,
Event 138712791,,,,,
Event 138712731,,,,,
Event 138712782,,,,,
Event 138712778,,,,,
Event 138712745,,,,,
Event 138712788,,,,,
Event 138712795,,,,,
Event 138712764,,,,,
Event 138712808,,,,,
Event 138712751,,,,,
Event 138712772,,,,,
Event 138712826,,,,,
Event 138712828,,,,,
Event 138712816,,,,,
Event 138712843,,,,,
Event 138712769,,,,,
Event 138712858,,,,,
Event 138712840,,,,,
Event 138712874,,,,,
Event 138712844,,,,,
Event 138712824,1.16995,,,,
Event 138712859,,,,,
Event 138712845,,,,,
Event 138712885,,,,,
Event 138712860,,,,,
Event 138712884,,,,,
Event 138712849,,,,,
Event 138712809,-0.430234,,,,
Event 138712855,,,,,
Event 138712894,,,,,
Event 138712929,,,,,
Event 138712905,-1.06782,,,,
Event 138712908,,,,,
Event 138712892,,,,,
Event 138712928,,,,,
Event 138712900,,,,,
Event 138712931,,,,,
Event 138712901,,,,,
Event 138712787,,,,,
Event 138712945,,,,,
Event 138712962,,,,,
Event 138712947,,,,,
Event 138712932,,,,,
Event 138712957,-0.208877,,,,
Event 138712946,,,,,
Event 138712969,-0.409925,,,,
Event 138712974,,,,,
Event 138712927,,,,,
Event 138712984,,,,,
Event 138712971,,,,,
Event 138713006,,,,,
Event 138712955,,,,,
Event 138712978,,,,,
Event 138713009,,,,,
Event 138712996,,,,,
Event 138713004,,,,,
Event 138712896,0.651955,,,,
Event 138712893,,,,,
Event 138713023,,,,,
Event 138712973,,,,,
Event 138713033,,,,,
Event 138712995,,,,,
Event 138713014,,,,,
Event 138713047,,,,,
Event 138713038,,,,,
Event 138713046,,,,,
Event 138713026,,,,,
Event 138713028,-0.520735,,,,
Event 138713016,,,,,
Event 138713060,,,,,
Event 138713051,,,,,
Event 138713055,1.40972,,,,
Event 138713072,2.11504,,,,
Event 138713092,,,,,
Event 138713063,,,,,
Event 138713086,,,,,
Event 138712990,,,,,
Event 138713064,0.0297692,,,,
Event 138713021,,,,,
Event 138713115,,,,,
Event 138713085,,,,,
Event 138713082,,,,,
Event 138713077,,,,,
Event 138713123,,,,,
Event 138713136,,,,,
Event 138713139,,,,,
Event 138713067,,,,,
Event 138713125,,,,,
Event 138713087,,,,,
Event 138713089,,,,,
Event 138713143,,,,,
Event 138713156,,,,,
Event 138713168,,,,,
Event 138713117,,,,,
Event 138713142,,,,,
Event 138713119,,,,,
Event 138713150,,,,,
Event 138713183,2.32658,,,,
Event 138713184,,,,,
Event 138713200,,,,,
Event 138713124,,,,,
Event 138713186,,,,,
Event 138713178,0.249823,,,,
Event 138713202,,,,,
Event 138713197,,,,,
Event 138713179,,,,,
Event 138713162,-0.984427,,,,
Event 138713212,,,,,
Event 138713219,,,,,
Event 138713174,,,,,
Event 138713207,,,,,
Event 138713220,,,,,
Event 138713246,,,,,
Event 138713208,,,,,
Event 138713237,,,,,
Event 138713222,,,,,
Event 138713242,0.771766,,,,
Event 138713255,-0.141782,,,,
Event 138713236,,,,,
Event 138713245,,,,,
Event 138713235,-0.921519,,,,
Event 138713240,,,,,
Event 138713221,,,,,
Event 138713265,,,,,
Event 138713271,0.187607,,,,
Event 138713281,,,,,
Event 138713258,,,,,
Event 138713301,,,,,
Event 138713252,,,,,
Event 138713278,,,,,
Event 138713287,,,,,
Event 138713305,1.11751,,,,
Event 138713303,,,,,
Event 138713309,,,,,
Event 138713268,,,,,
Event 138713314,,,,,
Event 138713254,,,,,
Event 138713345,,,,,
Event 138713325,,,,,
Event 138713112,,,,,
Event 138713324,,,,,
Event 138713277,0.212687,,,,
Event 138713344,,,,,
Event 138713327,,,,,
Event 138713352,,,,,
Event 138713312,1.96034,,,,
Event 138713304,,,,,
Event 138713288,,,,,
Event 138713375,0.808653,,,,
Event 138713384,,,,,
Event 138713357,,,,,
Event 138713390,,,,,
Event 138713383,0.511106,,,,
Event 138713389,,,,,
Event 138713393,,,,,
Event 138713406,,,,,
Event 138713409,,,,,
Event 138713355,-0.461065,,,,
Event 138713400,,,,,
Event 138713405,1.66993,,,,
Event 138713407,-1.09691,,,,
Event 138713328,,,,,
Event 138713424,0.323337,,,,
Event 138713436,-0.715066,,,,
Event 138713386,0.12633,,,,
Event 138713425,,,,,
Event 138713426,0.246971,,,,
Event 138713417,,,,,
Event 138713438,,,,,
Event 138713444,,,,,
Event 138713462,1.92682,,,,
Event 138713465,,,,,
Event 138713451,,,,,
Event 138713408,,,,,
Event 138713469,,,,,
Event 138713453,,,,,
Event 138713480,2.01152,,,,
Event 138713478,,,,,
Event 138713434,0.418725,,,,
Event 138713510,-0.94019,,,,
Event 138713494,,,,,
Event 138713500,,,,,
Event 138713486,,,,,
Event 138713531,,,,,
Event 138713534,,,,,
Event 138713516,-0.632243,,,,
Event 138713446,,,,,
Event 138713513,,,,,
Event 138713537,,,,,
Event 138713427,,,,,
Event 138713544,,,,,
Event 138713551,,,,,
Event 138713496,,,,,
Event 138713514,,,,,
Event 138713569,0.78741,,,,
Event 138713532,2.02305,,,,
Event 138713565,,,,,
Event 138713567,-0.0985077,,,,
Event 138713580,,,,,
Event 138713581,,,,,
Event 138713558,,,,,
Event 138713572,,,,,
Event 138713539,0.204031,,,,
Event 138713573,,,,,
Event 138713546,,,,,
Event 138713582,-1.04483,,,,
Event 138713598,,,,,
Event 138713605,,,,,
Event 138713590,,,,,
Event 138713612,,,,,
Event 138713594,,,,,
Event 138713639,1.21379,,,,
Event 138713583,-1.98156,,,,
Event 138713634,,,,,
Event 138713653,,,,,
Event 138713628,,,,,
Event 138713629,,,,,
Event 138713610,,,,,
Event 138713604,,,,,
Event 138713680,,,,,
Event 138713658,,,,,
Event 138713686,,,,,
Event 138713615,,,,,
Event 138713664,,,,,
Event 138713657,,,,,
Event 138713682,,,,,
Event 138713713,,,,,
Event 138713725,,,,,
Event 138713720,,,,,
Event 138713645,,,,,
Event 138713711,-0.498197,,,,
Event 138713676,,,,,
Event 138713741,,,,,
Event 138713755,,,,,
Event 138713693,,,,,
Event 138713788,-0.698006,,,,
Event 138713753,0.035136,,,,
Event 138713732,,,,,
Event 138713779,,,,,
Event 138713775,,,,,
Event 138713737,,,,,
Event 138713756,,,,,
Event 138713697,,,,,
Event 138713800,,,,,
Event 138713747,1.0324,,,,
Event 138713759,-1.02002,,,,
Event 138713828,,,,,
Event 138713845,,,,,
Event 138713816,,,,,
Event 138713826,,,,,
Event 138713843,,,,,
Event 138713811,,,,,
Event 138713782,,,,,
Event 138713760,,,,,
Event 138713852,,,,,
Event 138713855,,,,,
Event 138713869,-1.54544,,,,
Event 138713870,,,,,
Event 138713862,,,,,
Event 138713872,,,,,
Event 138713889,,,,,
Event 138713859,,,,,
Event 138713832,-0.694166,,,,
Event 138713837,,,,,
Event 138713888,-0.928538,,,,
Event 138713873,-1.14042,,,,
Event 138713874,,,,,
Event 138713892,,,,,
Event 138713901,,,,,
Event 138713729,0.33983,,,,
Event 138713909,,,,,
Event 138713903,,,,,
Event 138713912,,,,,
Event 138713880,,,,,
Event 138713896,,,,,
Event 138713914,,,,,
Event 138713928,,,,,
Event 138713918,,,,,
Event 138713945,,,,,
Event 138713931,-0.215436,,,,
Event 138713934,,,,,
Event 138713879,-0.403452,,,,
Event 138713955,,,,,
Event 138713966,,,,,
Event 138713968,,,,,
Event 138713973,,,,,
Event 138713940,,,,,
Event 138713963,,,,,
Event 138713829,,,,,
Event 138713916,1.01603,,,,
Event 138713982,,,,,
Event 138713992,,,,,
Event 138714045,,,,,
Event 138714022,,,,,
Event 138714001,,,,,
Event 138713986,-1.19073,,,,
Event 138714027,,,,,
Event 138714035,,,,,
Event 138714043,,,,,
Event 138714072,,,,,
Event 138714018,,,,,
Event 138714068,,,,,
Event 138714069,,,,,
Event 138714070,,,,,
Event 138713972,,,,,
Event 138714084,,,,,
Event 138714053,-0.591691,,,,
Event 138714083,,,,,
Event 138714111,,,,,
Event 138713993,,,,,
Event 138714058,,,,,
Event 138714114,,,,,
Event 138714085,,,,,
Event 138714110,,,,,
Event 138714076,,,,,
Event 138714124,,,,,
Event 138714120,,,,,
Event 138714113,,,,,
Event 138714026,,,,,
Event 138714145,0.584597,,,,
Event 138714138,,,,,
Event 138714146,,,,,
Event 138714136,-1.17868,,,,
Event 138714152,,,,,
Event 138714155,,,,,
Event 138714143,1.16601,,,,
Event 138714172,,,,,
Event 138714144,-0.152644,,,,
Event 138714153,-1.3667,,,,
Event 138714199,1.20044,,,,
Event 138714162,,,,,
Event 138714200,,,,,
Event 138714154,,,,,
Event 138714194,,,,,
Event 138714128,,,,,
Event 138714151,,,,,
Event 138714234,-0.168017,,,,
Event 138714195,,,,,
Event 138714227,,,,,
Event 138714245,,,,,
Event 138714206,-2.04977,,,,
Event 138714263,,,,,
Event 138714239,,,,,
Event 138714273,,,,,
Event 138714287,-1.13544,,,,
Event 138714253,,,,,
Event 138714309,,,,,
Event 138714333,,,,,
Event 138714223,,,,,
Event 138714259,,,,,
Event 138714305,,,,,
Event 138714265,,,,,
Event 138714246,1.43046,,,,
Event 138714320,-1.80816,,,,
Event 138714292,,,,,
Event 138714344,,,,,
Event 138714313,1.39974,,,,
Event 138714341,,,,,
Event 138714312,,,,,
Event 138714357,,,,,
Event 138714340,,,,,
Event 138714343,,,,,
Event 138714311,,,,,
Event 138714390,,,,,
Event 138714388,,,,,
Event 138714348,,,,,
Event 138714362,0.635393,,,,
Event 138714395,,,,,
Event 138714403,,,,,
Event 138714369,,,,,
Event 138714392,,,,,
Event 138714414,,,,,
Event 138714380,,,,,
Event 138714404,-0.0742967,,,,
Event 138714444,,,,,
Event 138714427,,,,,
Event 138714425,,,,,
Event 138714391,,,,,
Event 138714430,,,,,
Event 138714443,,,,,
Event 138714431,0.818853,,,,
Event 138714481,,,,,
Event 138714456,0.740757,,,,
Event 138714473,,,,,
Event 138714500,,,,,
Event 138714400,-0.526215,,,,
Event 138714441,-0.610108,,,,
Event 138714477,,,,,
Event 138714466,-1.55738,,,,
Event 138714508,,,,,
Event 138714356,,,,,
Event 138714505,,,,,
Event 138714421,,,,,
Event 138714539,,,,,
Event 138714521,,,,,
Event 138714528,,,,,
Event 138714498,,,,,
Event 138714526,,,,,
Event 138714509,,,,,
Event 138714489,,,,,
Event 138714518,,,,,
Event 138714565,,,,,
Event 138714529,,,,,
Event 138714579,,,,,
Event 138714540,,,,,
Event 138714531,,,,,
Event 138714584,,,,,
Event 138714555,,,,,
Event 138714558,-0.120036,,,,
Event 138714585,,,,,
Event 138714582,,,,,
Event 138714576,,,,,
Event 138714562,2.2228,,,,
Event 138714610,,,,,
Event 138714609,,,,,
Event 138714597,-1.27524,,,,
Event 138714544,,,,,
Event 138714590,,,,,
Event 138714622,,,,,
Event 138714598,,,,,
Event 138714616,-1.36342,,,,
Event 138714593,-0.137286,,,,
Event 138714629,,,,,
Event 138714615,,,,,
Event 138714573,0.797879,,,,
Event 138714618,,,,,
Event 138714631,0.400922,,,,
Event 138714569,,,,,
Event 138714627,,,,,
Event 138714680,-0.643263,,,,
Event 138714642,1.01309,,,,
Event 138714644,,,,,
Event 138714667,,,,,
Event 138714649,,,,,
Event 138714643,,,,,
Event 138714665,-2.28544,,,,
Event 138714683,,,,,
Event 138714682,,,,,
Event 138714706,,,,,
Event 138714641,,,,,
Event 138714693,,,,,
Event 138714730,,,,,
Event 138714714,,,,,
Event 138714681,,,,,
Event 138714735,,,,,
Event 138714687,,,,,
Event 138714721,,,,,
Event 138714727,,,,,
Event 138714720,,,,,
Event 138714742,-0.380945,,,,
Event 138714737,2.15731,,,,
Event 138714736,-1.58983,,,,
Event 138714725,,,,,
Event 138714743,,,,,
Event 138714701,2.11402,,,,
Event 138714765,,,,,
Event 138714748,,,,,
Event 138714750,,,,,
Event 138714739,,,,,
Event 138714770,-2.25867,,,,
Event 138714779,,,,,
Event 138714768,,,,,
Event 138714759,,,,,
Event 138714752,,,,,
Event 138714787,-0.44408,,,,
Event 138714802,,,,,
Event 138714757,,,,,
Event 138714793,-1.26077,,,,
Event 138714824,,,,,
Event 138714808,0.00473869,,,,
Event 138714792,,,,,
Event 138714814,1.20402,,,,
Event 138714819,0.742401,,,,
Event 138714822,,,,,
Event 138714827,,,,,
Event 138714815,,,,,
Event 138714812,,,,,
Event 138714826,,,,,
Event 138714755,-1.04779,,,,
Event 138714825,,,,,
Event 138714831,,,,,
Event 138714845,,,,,
Event 138714799,,,,,
Event 138714844,,,,,
Event 138714851,0.0235317,,,,
Event 138714857,,,,,
Event 138714852,,,,,
Event 138714861,-0.960955,,,,
Event 138714873,-1.57155,,,,
Event 138714850,,,,,
Event 138714894,,,,,
Event 138714869,,,,,
Event 138714882,,,,,
Event 138714876,1.057,,,,
Event 138714887,,,,,
Event 138714908,,,,,
Event 138714885,,,,,
Event 138714867,,,,,
Event 138714881,0.770045,,,,
Event 138714896,0.770058,,,,
Event 138714913,,,,,
Event 138714919,,,,,
Event 138714934,,,,,
Event 138714937,0.329597,,,,
Event 138714931,,,,,
Event 138714933,,,,,
Event 138714952,,,,,
Event 138714895,-2.15539,,,,
Event 138714938,2.03511,,,,
Event 138714943,,,,,
Event 138714963,,,,,
Event 138714978,,,,,
Event 138715000,0.451807,,,,
Event 138714966,,,,,
Event 138714917,,,,,
Event 138714992,,,,,
Event 138714990,,,,,
Event 138714941,,,,,
Event 138715016,,,,,
Event 138715006,,,,,
Event 138715004,,,,,
Event 138715001,,,,,
Event 138715025,0.720644,,,,
Event 138715020,,,,,
Event 138715003,,,,,
Event 138714970,,,,,
Event 138715007,,,,,
Event 138715049,-1.64134,,,,
Event 138715058,-1.05529,,,,
Event 138715019,,,,,
Event 138715026,,,,,
Event 138715060,,,,,
Event 138715052,-0.240393,,,,
Event 138715012,-0.914233,,,,
Event 138715035,,,,,
Event 138715061,,,,,
Event 138715070,,,,,
Event 138715062,,,,,
Event 138715082,,,,,
Event 138715057,,,,,
Event 138715048,,,,,
Event 138715065,,,,,
Event 138715095,0.881432,,,,
Event 138715073,,,,,
Event 138715068,,,,,
Event 138715094,,,,,
Event 138715102,0.454656,,,,
Event 138715090,,,,,
Event 138715116,-0.556915,,,,
Event 138715112,,,,,
Event 138715053,,,,,
Event 138715081,,,,,
Event 138715108,,,,,
Event 138715113,1.2314,,,,
Event 138715119,,,,,
Event 138715083,0.0739786,,,,
Event 138715146,,,,,
Event 138715123,,,,,
Event 138715143,,,,,
Event 138715128,-0.702569,,,,
Event 138715130,,,,,
Event 138715118,,,,,
Event 138715154,,,,,
Event 138715157,,,,,
Event 138715151,,,,,
Event 138715132,-0.605804,,,,
Event 138715139,,,,,
Event 138715147,,,,,
Event 138715192,0.0478653,,,,
Event 138715175,,,,,
Event 138715178,,,,,
Event 138715131,,,,,
Event 138715150,,,,,
Event 138715197,,,,,
Event 138715160,,,,,
Event 138715162,,,,,
Event 138715189,,,,,
Event 138715184,,,,,
Event 138715193,,,,,
Event 138715198,1.08144,,,,
Event 138715212,,,,,
Event 138715227,,,,,
Event 138715235,,,,,
Event 138715223,,,,,
Event 138715213,,,,,
Event 138715248,0.593317,,,,
Event 138715233,,,,,
Event 138715249,,,,,
Event 138715239,,,,,
Event 138715215,,,,,
Event 138715257,,,,,
Event 138715260,,,,,
Event 138715272,-0.332777,,,,
Event 138715269,,,,,
Event 138715273,,,,,
Event 138715266,,,,,
Event 138715229,,,,,
Event 138715292,0.30408,,,,
Event 138715296,-0.785096,,,,
Event 138715313,,,,,
Event 138715286,,,,,
Event 138715283,-0.0670965,,,,
Event 138715303,-1.25059,,,,
Event 138715318,,,,,
Event 138715315,,,,,
Event 138715350,,,,,
Event 138715325,,,,,
Event 138715332,,,,,
Event 138715367,,,,,
Event 138715319,,,,,
Event 138715320,,,,,
Event 138715382,,,,,
Event 138715360,,,,,
Event 138715381,,,,,
Event 138715368,,,,,
Event 138715388,,,,,
Event 138715293,,,,,
Event 138715392,,,,,
Event 138715429,,,,,
Event 138715419,,,,,
Event 138715432,,,,,
Event 138715424,,,,,
Event 138715387,-0.987279,,,,
Event 138715447,,,,,
Event 138715335,-0.643897,,,,
Event 138715436,,,,,
Event 138715383,,,,,
Event 138715410,,,,,
Event 138715430,,,,,
Event 138715439,,,,,
Event 138715452,,,,,
Event 138715435,,,,,
Event 138715463,-0.88619,,,,
Event 138715431,,,,,
Event 138715453,,,,,
Event 138715503,0.799818,,,,
Event 138715481,-0.250302,,,,
Event 138715474,,,,,
Event 138715518,,,,,
Event 138715498,,,,,
Event 138715512,,,,,
Event 138715527,,,,,
Event 138715471,,,,,
Event 138715466,,,,,
Event 138715523,2.07902,,,,
Event 138715533,,,,,
Event 138715544,,,,,
Event 138715555,,,,,
Event 138715560,,,,,
Event 138715535,0.361735,,,,
Event 138715558,0.509173,,,,
Event 138715566,,,,,
Event 138715458,,,,,
Event 138715556,,,,,
Event 138715534,,,,,
Event 138715563,0.151357,,,,
Event 138715572,,,,,
Event 138715552,,,,,
Event 138715478,,,,,
Event 138715577,,,,,
Event 138715564,,,,,
Event 138715587,,,,,
Event 138715606,,,,,
Event 138715567,,,,,
Event 138715585,,,,,
Event 138715603,,,,,
Event 138715537,,,,,
Event 138715600,,,,,
Event 138715626,,,,,
Event 138715618,0.0973968,,,,
Event 138715602,,,,,
Event 138715631,,,,,
Event 138715574,,,,,
Event 138715622,-2.27841,,,,
Event 138715635,,,,,
Event 138715638,,,,,
Event 138715637,,,,,
Event 138715613,,,,,
Event 138715644,,,,,
Event 138715641,,,,,
Event 138715608,,,,,
Event 138715645,,,,,
Event 138715660,0.748966,,,,
Event 138715647,2.04013,,,,
Event 138715657,1.50253,,,,
Event 138715665,,,,,
Event 138715672,,,,,
Event 138715648,,,,,
Event 138715653,,,,,
Event 138715667,,,,,
Event 138715673,,,,,
Event 138715677,,,,,
Event 138715680,,,,,
Event 138715646,,,,,
Event 138715633,,,,,
Event 138715699,,,,,
Event 138715674,-0.416645,,,,
Event 138715708,,,,,
Event 138715706,0.882993,,,,
Event 138715702,,,,,
Event 138715686,,,,,
Event 138715721,,,,,
Event 138715707,,,,,
Event 138715724,,,,,
Event 138715711,0.828609,,,,
Event 138715738,,,,,
Event 138715723,,,,,
Event 138715752,,,,,
Event 138715726,,,,,
Event 138715739,,,,,
Event 138715740,,,,,
Event 138715744,,,,,
Event 138715762,,,,,
Event 138715712,,,,,
Event 138715747,-0.417604,,,,
Event 138715760,,,,,
Event 138715732,,,,,
Event 138715791,,,,,
Event 138715783,,,,,
Event 138715777,,,,,
Event 138715805,,,,,
Event 138715755,,,,,
Event 138715759,0.305005,,,,
Event 138715810,,,,,
Event 138715808,,,,,
Event 138715827,,,,,
Event 138715794,,,,,
Event 138715811,,,,,
Event 138715809,1.26169,,,,
Event 138715824,,,,,
Event 138715796,,,,,
Event 138715860,,,,,
Event 138715750,,,,,
Event 138715859,,,,,
Event 138715826,,,,,
Event 138715867,,,,,
Event 138715864,,,,,
Event 138715773,,,,,
Event 138715788,,,,,
Event 138715873,,,,,
Event 138715869,,,,,
Event 138715858,,,,,
Event 138715884,,,,,
Event 138715894,,,,,
Event 138715782,-0.344075,,,,
Event 138715863,,,,,
Event 138715886,,,,,
Event 138715878,,,,,
Event 138715903,,,,,
Event 138715910,,,,,
Event 138715895,,,,,
Event 138715904,,,,,
Event 138715920,,,,,
Event 138715818,1.95897,,,,
Event 138715913,,,,,
Event 138715888,,,,,
Event 138715881,,,,,
Event 138715923,,,,,
Event 138715947,,,,,
Event 138715909,,,,,
Event 138715906,,,,,
Event 138715918,,,,,
Event 138715958,,,,,
Event 138715932,,,,,
Event 138715969,,,,,
Event 138715928,,,,,
Event 138715959,,,,,
Event 138715921,-0.919902,,,,
Event 138715963,,,,,
Event 138715980,,,,,
Event 138715938,,,,,
Event 138715993,-2.01997,,,,
Event 138715943,,,,,
Event 138715972,,,,,
Event 138716010,,,,,
Event 138715914,,,,,
Event 138716017,,,,,
Event 138715939,,,,,
Event 138716027,,,,,
Event 138716016,,,,,
Event 138715979,,,,,
Event 138716006,1.32408,,,,
Event 138716028,,,,,
Event 138716007,,,,,
Event 138716048,,,,,
Event 138716029,,,,,
Event 138716072,-0.283498,,,,
Event 138716038,,,,,
Event 138716063,,,,,
Event 138716049,,,,,
Event 138716076,,,,,
Event 138716056,,,,,
Event 138716071,,,,,
Event 138715949,-0.621217,,,,
Event 138716094,,,,,
Event 138716088,0.397113,,,,
Event 138716108,,,,,
Event 138715967,,,,,
Event 138716091,,,,,
Event 138716066,,,,,
Event 138716089,,,,,
Event 138716115,,,,,
Event 138716123,,,,,
Event 138716090,,,,,
Event 138716119,,,,,
Event 138716129,,,,,
Event 138716130,,,,,
Event 138716103,,,,,
Event 138716118,,,,,
Event 138716087,,,,,
Event 138716121,1.63583,,,,
Event 138716114,,,,,
Event 138716142,,,,,
Event 138716150,2.02244,,,,
Event 138716112,,,,,
Event 138716163,,,,,
Event 138716152,-0.484768,,,,
Event 138716157,,,,,
Event 138716156,,,,,
Event 138716146,,,,,
Event 138716124,,,,,
Event 138716167,,,,,
Event 138716213,,,,,
Event 138716187,,,,,
Event 138716192,,,,,
Event 138716215,,,,,
Event 138716220,,,,,
Event 138716229,,,,,
Event 138716206,,,,,
Event 138716132,,,,,
Event 138716235,,,,,
Event 138716245,,,,,
Event 138716200,,,,,
Event 138716186,,,,,
Event 138716177,-0.386154,,,,
Event 138716254,,,,,
Event 138716172,,,,,
Event 138716237,,,,,
Event 138716257,-0.13367,,,,
Event 138716221,1.9324,,,,
Event 138716234,,,,,
Event 138716251,0.743882,,,,
Event 138716232,1.00743,,,,
Event 138716253,,,,,
Event 138716256,,,,,
Event 138716208,-0.452136,,,,
Event 138716252,,,,,
Event 138716259,-0.257618,,,,
Event 138716270,,,,,
Event 138716273,,,,,
Event 138716286,,,,,
Event 138716276,,,,,
Event 138716272,,,,,
Event 138716287,0.627243,,,,
Event 138716306,,,,,
Event 138716228,0.990323,,,,
Event 138716303,,,,,
Event 138716260,,,,,
Event 138716267,,,,,
Event 138716302,1.28414,,,,
Event 138716285,,,,,
Event 138716348,,,,,
Event 138716307,-0.617298,,,,
Event 138716319,,,,,
Event 138716313,-2.10831,,,,
Event 138716318,,,,,
Event 138716288,,,,,
Event 138716275,,,,,
Event 138716340,,,,,
Event 138716362,,,,,
Event 138716328,,,,,
Event 138716370,0.57194,,,,
Event 138716352,,,,,
Event 138716388,,,,,
Event 138716387,,,,,
Event 138716327,,,,,
Event 138716365,,,,,
Event 138716323,,,,,
Event 138716375,,,,,
Event 138716381,,,,,
Event 138716398,,,,,
Event 138716347,,,,,
Event 138716399,,,,,
Event 138716389,,,,,
Event 138716431,,,,,
Event 138716397,,,,,
Event 138716390,0.565514,,,,
Event 138716409,,,,,
Event 138716427,-2.18221,,,,
Event 138716378,1.42997,,,,
Event 138716436,-0.525585,,,,
Event 138716413,,,,,
Event 138716440,,,,,
Event 138716449,,,,,
Event 138716377,,,,,
Event 138716454,,,,,
Event 138716447,,,,,
Event 138716469,,,,,
Event 138716452,,,,,
Event 138716492,,,,,
Event 138716441,,,,,
Event 138716495,,,,,
Event 138716493,-0.119721,,,,
Event 138716490,,,,,
Event 138716494,,,,,
Event 138716395,,,,,
Event 138716456,,,,,
Event 138716488,,,,,
Event 138716518,1.22876,,,,
Event 138716479,-0.181901,,,,
Event 138716496,-1.41667,,,,
Event 138716513,,,,,
Event 138716499,2.14058,,,,
Event 138716524,,,,,
Event 138716498,,,,,
Event 138716508,,,,,
Event 138716445,-1.3361,,,,
Event 138716530,-0.0309265,,,,
Event 138716532,,,,,
Event 138716562,0.125439,,,,
Event 138716543,,,,,
Event 138716533,,,,,
Event 138716560,-1.79706,,,,
Event 138716569,,,,,
Event 138716545,,,,,
Event 138716576,,,,,
Event 138716580,,,,,
Event 138716544,,,,,
Event 138716585,,,,,
Event 138716579,,,,,
Event 138716583,,,,,
Event 138716606,,,,,
Event 138716623,,,,,
Event 138716602,,,,,
Event 138716536,,,,,
Event 138716624,,,,,
Event 138716598,,,,,
Event 138716600,,,,,
Event 138716613,0.409122,,,,
Event 138716547,-1.12096,,,,
Event 138716638,,,,,
Event 138716669,,,,,
Event 138716670,,,,,
Event 138716661,-2.22071,,,,
Event 138716674,,,,,
Event 138716677,,,,,
Event 138716671,,,,,
Event 138716672,,,,,
Event 138716682,,,,,
Event 138716650,-1.00753,,,,
Event 138716680,,,,,
Event 138716697,,,,,
Event 138716692,,,,,
Event 138716710,1.2396,,,,
Event 138716655,,,,,
Event 138716681,,,,,
Event 138716737,,,,,
Event 138716627,,,,,
Event 138716730,,,,,
Event 138716718,,,,,
Event 138716723,,,,,
Event 138716758,,,,,
Event 138716748,,,,,
Event 138716760,,,,,
Event 138716751,,,,,
Event 138716754,,,,,
Event 138716769,0.39063,,,,
Event 138716786,0.124199,,,,
Event 138716762,,,,,
Event 138716803,,,,,
Event 138716787,0.0131262,,,,
Event 138716807,,,,,
Event 138716791,-1.79041,,,,
Event 138716789,0.623366,,,,
Event 138716776,1.70922,,,,
Event 138716813,,,,,
Event 138716795,,,,,
Event 138716818,,,,,
Event 138716827,0.385813,,,,
Event 138716833,,,,,
Event 138716701,-0.691565,,,,
Event 138716826,,,,,
Event 138716832,,,,,
Event 138716845,,,,,
Event 138716823,-0.502563,,,,
Event 138716815,,,,,
Event 138716839,,,,,
Event 138716820,-1.05085,,,,
Event 138716828,,,,,
Event 138716861,,,,,
Event 138716852,,,,,
Event 138716863,,,,,
Event 138716874,,,,,
Event 138716856,,,,,
Event 138716872,,,,,
Event 138716880,,,,,
Event 138716870,,,,,
Event 138716836,0.775164,,,,
Event 138716909,-1.88318,,,,
Event 138716867,,,,,
Event 138716908,,,,,
Event 138716882,,,,,
Event 138716897,,,,,
Event 138716849,,,,,
Event 138716876,,,,,
Event 138716889,,,,,
Event 138716940,,,,,
Event 138716910,,,,,
Event 138716932,,,,,
Event 138716887,,,,,
Event 138716948,,,,,
Event 138716917,1.59299,-0.00546165,,,
Event 138716945,,,,,
Event 138716915,,,,,
Event 138716942,,,,,
Event 138716944,,,,,
Event 138716954,,,,,
Event 138716956,,,,,
Event 138716943,,,,,
Event 138716981,,,,,
Event 138716998,,,,,
Event 138716974,,,,,
Event 138716996,-1.45132,,,,
Event 138716966,,,,,
Event 138716990,,,,,
Event 138717006,,,,,
Event 138716989,,,,,
Event 138717011,,,,,
Event 138717029,,,,,
Event 138716941,,,,,
Event 138717005,,,,,
Event 138717010,,,,,
Event 138717024,,,,,
Event 138717039,0.329818,,,,
Event 138717043,,,,,
Event 138717054,,,,,
Event 138717015,,,,,
Event 138717000,,,,,
Event 138717045,,,,,
Event 138717091,0.268841,,,,
Event 138716976,,,,,
Event 138717065,,,,,
Event 138717079,,,,,
Event 138717046,,,,,
Event 138717052,,,,,
Event 138717090,-2.11331,,,,
Event 138717092,-0.219541,,,,
Event 138717075,,,,,
Event 138717053,,,,,
Event 138717119,1.6929,,,,
Event 138717100,,,,,
Event 138717098,1.66454,,,,
Event 138717127,,,,,
Event 138717021,1.57035,,,,
Event 138717125,,,,,
Event 138717149,,,,,
Event 138717136,,,,,
Event 138717132,,,,,
Event 138717147,,,,,
Event 138717164,-0.646475,,,,
Event 138717165,0.956586,,,,
Event 138717102,,,,,
Event 138717153,2.0774,,,,
Event 138717121,,,,,
Event 138717167,,,,,
Event 138717176,,,,,
Event 138717192,0.627984,,,,
Event 138717138,,,,,
Event 138717173,,,,,
Event 138717081,,,,,
Event 138717170,-0.182447,,,,
Event 138717204,,,,,
Event 138717206,,,,,
Event 138717224,0.586808,,,,
Event 138717218,,,,,
Event 138717213,,,,,
Event 138717171,-1.62428,,,,
Event 138717246,,,,,
Event 138717209,,,,,
Event 138717256,,,,,
Event 138717139,,,,,
Event 138717231,,,,,
Event 138717235,0.890258,,,,
Event 138717257,,,,,
Event 138717271,,,,,
Event 138717267,,,,,
Event 138717289,,,,,
Event 138717273,,,,,
Event 138717186,,,,,
Event 138717239,,,,,
Event 138717282,0.396092,,,,
Event 138717314,,,,,
Event 138717287,,,,,
Event 138717300,0.257451,,,,
Event 138717291,,,,,
Event 138717311,,,,,
Event 138717305,,,,,
Event 138717337,,,,,
Event 138717326,,,,,
Event 138717319,,,,,
Event 138717346,,,,,
Event 138717315,,,,,
Event 138717352,,,,,
Event 138717328,,,,,
Event 138717361,,,,,
Event 138717322,,,,,
Event 138717376,,,,,
Event 138717370,,,,,
Event 138717362,,,,,
Event 138717378,,,,,
Event 138717251,,,,,
Event 138717364,,,,,
Event 138717363,,,,,
Event 138717387,,,,,
Event 138717386,,,,,
Event 138717377,-0.470301,,,,
Event 138717423,,,,,
Event 138717321,,,,,
Event 138717428,,,,,
Event 138717349,,,,,
Event 138717417,,,,,
Event 138717429,,,,,
Event 138717379,,,,,
Event 138717385,,,,,
Event 138717440,,,,,
Event 138717427,,,,,
Event 138717459,,,,,
Event 138717461,0.732212,,,,
Event 138717441,-0.350085,,,,
Event 138717489,,,,,
Event 138717399,-0.684706,,,,
Event 138717469,,,,,
Event 138717470,-0.428949,,,,
Event 138717485,,,,,
Event 138717443,,,,,
Event 138717404,,,,,
Event 138717491,,,,,
Event 138717495,,,,,
Event 138717493,,,,,
Event 138717477,,,,,
Event 138717471,,,,,
Event 138717462,,,,,
Event 138717516,,,,,
Event 138717518,,,,,
Event 138717468,,,,,
Event 138717514,,,,,
Event 138717508,,,,,
Event 138717552,,,,,
Event 138717549,,,,,
Event 138717554,,,,,
Event 138717499,,,,,
Event 138717528,,,,,
Event 138717573,,,,,
Event 138717472,,,,,
Event 138717540,,,,,
Event 138717581,2.11777,,,,
Event 138717563,,,,,
Event 138717589,,,,,
Event 138717522,,,,,
Event 138717562,,,,,
Event 138717592,,,,,
Event 138717577,,,,,
Event 138717597,,,,,
Event 138717598,,,,,
Event 138717564,,,,,
Event 138717553,,,,,
Event 138717624,,,,,
Event 138717622,,,,,
Event 138717576,,,,,
Event 138717611,,,,,
Event 138717629,,,,,
Event 138717570,,,,,
Event 138717648,,,,,
Event 138717636,,,,,
Event 138717637,,,,,
Event 138717595,-0.189215,,,,
Event 138717606,,,,,
Event 138717678,,,,,
Event 138717616,,,,,
Event 138717633,,,,,
Event 138717650,0.656201,,,,
Event 138717686,,,,,
Event 138717681,,,,,
Event 138717692,,,,,
Event 138717699,,,,,
Event 138717685,,,,,
Event 138717694,,,,,
Event 138717679,,,,,
Event 138717704,,,,,
Event 138717706,,,,,
Event 138717658,,,,,
Event 138717697,,,,,
Event 138717734,,,,,
Event 138717733,,,,,
Event 138717682,,,,,
Event 138717707,-1.83931,,,,
Event 138717721,,,,,
Event 138717741,-0.982775,,,,
Event 138717726,,,,,
Event 138717752,,,,,
Event 138717713,,,,,
Event 138717761,,,,,
Event 138717655,,,,,
Event 138717764,,,,,
Event 138717744,,,,,
Event 138717759,,,,,
Event 138717778,,,,,
Event 138717776,,,,,
Event 138717783,,,,,
Event 138717736,,,,,
Event 138717798,,,,,
Event 138717762,1.03843,,,,
Event 138717775,,,,,
Event 138717745,,,,,
Event 138717785,,,,,
Event 138717800,-2.22498,,,,
Event 138717808,,,,,
Event 138717782,,,,,
Event 138717793,,,,,
Event 138717804,,,,,
Event 138717813,,,,,
Event 138717795,,,,,
Event 138717823,,,,,
Event 138717811,,,,,
Event 138717781,,,,,
Event 138717827,,,,,
Event 138717830,,,,,
Event 138717809,,,,,
Event 138717856,,,,,
Event 138717853,,,,,
Event 138717844,,,,,
Event 138717870,,,,,
Event 138717843,,,,,
Event 138717829,,,,,
Event 138717877,,,,,
Event 138717824,1.37041,,,,
Event 138717872,0.596123,,,,
Event 138717875,,,,,
Event 138717851,1.32012,,,,
Event 138717897,,,,,
Event 138717899,0.449306,,,,
Event 138717861,,,,,
Event 138717873,,,,,
Event 138717912,,,,,
Event 138717942,,,,,
Event 138717862,,,,,
Event 138717910,,,,,
Event 138717927,,,,,
Event 138717924,-2.4092,,,,
Event 138717940,1.53164,,,,
Event 138717931,0.552373,,,,
Event 138717939,,,,,
Event 138717921,,,,,
Event 138717952,,,,,
Event 138717943,,,,,
Event 138717945,,,,,
Event 138717975,-1.08112,,,,
Event 138717954,,,,,
Event 138717988,,,,,
Event 138717976,,,,,
Event 138717960,,,,,
Event 138718010,,,,,
Event 138717992,,,,,
Event 138717968,,,,,
Event 138717937,,,,,
Event 138718027,,,,,
Event 138717983,,,,,
Event 138718002,-0.623159,,,,
Event 138717991,,,,,
Event 138718032,,,,,
Event 138718039,0.349099,,,,
Event 138718025,,,,,
Event 138718037,,,,,
Event 138718023,-2.23499,,,,
Event 138718021,,,,,
Event 138718003,,,,,
Event 138718069,-0.542416,,,,
Event 138718059,,,,,
Event 138718058,,,,,
Event 138718077,,,,,
Event 138718035,,,,,
Event 138718040,-1.66758,,,,
Event 138718088,1.68613,,,,
Event 138718061,,,,,
Event 138718054,0.20351,,,,
Event 138718074,,,,,
Event 138718089,,,,,
Event 138718045,,,,,
Event 138718101,-1.66553,,,,
Event 138718114,,,,,
Event 138718115,,,,,
Event 138718117,,,,,
Event 138718130,-0.546412,,,,
Event 138718149,0.565913,,,,
Event 138718131,,,,,
Event 138718134,,,,,
Event 138718094,,,,,
Event 138718132,,,,,
Event 138718126,,,,,
Event 138718110,,,,,
Event 138718168,0.0937664,,,,
Event 138718150,-2.0048,,,,
Event 138718178,,,,,
Event 138718176,,,,,
Event 138718148,,,,,
Event 138718195,,,,,
Event 138718139,,,,,
Event 138718164,0.412092,,,,
Event 138718143,,,,,
Event 138718207,,,,,
Event 138718153,,,,,
Event 138718185,0.785671,,,,
Event 138718172,,,,,
Event 138718205,0.890987,,,,
Event 138718155,,,,,
Event 138718175,,,,,
Event 138718202,,,,,
Event 138718193,-0.626295,,,,
Event 138718213,,,,,
Event 138718214,,,,,
Event 138718215,,,,,
Event 138718196,,,,,
Event 138718210,0.850526,,,,
Event 138718220,,,,,
Event 144733148,1.29701,,,,
Event 144733132,,,,,
Event 144733134,,,,,
Event 144733165,,,,,
Event 144733131,,,,,
Event 144733175,-0.940298,,,,
Event 144733145,,,,,
Event 144733139,,,,,
Event 144733183,,,,,
Event 144733142,,,,,
Event 144733198,,,,,
Event 144733185,,,,,
Event 144733194,,,,,
Event 144733190,,,,,
Event 144733167,,,,,
Event 144733203,,,,,
Event 144733212,,,,,
Event 144733173,,,,,
Event 144733205,,,,,
Event 144733230,,,,,
Event 144733219,,,,,
Event 144733200,,,,,
Event 144733224,,,,,
Event 144733223,,,,,
Event 144733242,,,,,
Event 144733237,,,,,
Event 144733225,,,,,
Event 144733238,,,,,
Event 144733226,,,,,
Event 144733275,-0.994424,,,,
Event 144733240,,,,,
Event 144733251,,,,,
Event 144733179,1.84689,,,,
Event 144733280,,,,,
Event 144733227,,,,,
Event 144733263,,,,,
Event 144733295,1.63851,,,,
Event 144733245,,,,,
Event 144733265,,,,,
Event 144733244,-1.37182,,,,
Event 144733305,,,,,
Event 144733241,,,,,
Event 144733326,,,,,
Event 144733309,,,,,
Event 144733297,,,,,
Event 144733348,,,,,
Event 144733246,,,,,
Event 144733330,1.02248,,,,
Event 144733327,,,,,
Event 144733358,,,,,
Event 144733359,,,,,
Event 144733296,,,,,
Event 144733357,,,,,
Event 144733332,,,,,
Event 144733373,,,,,
Event 144733353,-2.37871,,,,
Event 144733361,,,,,
Event 144733354,-1.55578,,,,
Event 144733346,,,,,
Event 144733387,1.03717,,,,
Event 144733342,,,,,
Event 144733383,,,,,
Event 144733371,,,,,
Event 144733382,,,,,
Event 144733391,-1.07991,,,,
Event 144733400,,,,,
Event 144733398,,,,,
Event 144733386,,,,,
Event 144733393,,,,,
Event 144733406,-0.225097,,,,
Event 144733399,,,,,
Event 144733449,,,,,
Event 144733429,,,,,
Event 144733395,,,,,
Event 144733441,,,,,
Event 144733463,,,,,
Event 144733419,1.58788,,,,
Event 144733458,,,,,
Event 144733446,1.57688,,,,
Event 144733431,,,,,
Event 144733410,,,,,
Event 144733459,,,,,
Event 144733512,,,,,
Event 144733533,,,,,
Event 144733499,0.627406,,,,
Event 144733444,,,,,
Event 144733465,,,,,
Event 144733516,,,,,
Event 144733457,1.17094,,,,
Event 144733471,,,,,
Event 144733538,,,,,
Event 144733547,,,,,
Event 144733507,,,,,
Event 144733540,,,,,
Event 144733564,1.31766,,,,
Event 144733550,,,,,
Event 144733534,0.107046,,,,
Event 144733470,0.426076,,,,
Event 144733522,,,,,
Event 144733552,-1.38862,,,,
Event 144733556,,,,,
Event 144733570,,,,,
Event 144733573,,,,,
Event 144733566,,,,,
Event 144733536,,,,,
Event 144733565,1.29631,,,,
Event 144733585,1.56169,,,,
Event 144733579,,,,,
Event 144733596,0.321275,,,,
Event 144733617,,,,,
Event 144733559,1.19901,,,,
Event 144733578,,,,,
Event 144733571,-2.44651,,,,
Event 144733599,,,,,
Event 144733618,,,,,
Event 144733602,,,,,
Event 144733623,0.722163,,,,
Event 144733603,,,,,
Event 144733619,1.07213,,,,
Event 144733626,,,,,
Event 144733647,,,,,
Event 144733588,,,,,
Event 144733629,,,,,
Event 144733633,,,,,
Event 144733636,-1.60271,,,,
Event 144733649,,,,,
Event 144733657,,,,,
Event 144733650,0.428225,,,,
Event 144733638,0.781864,,,,
Event 144733672,0.578768,,,,
Event 144733615,1.51035,,,,
Event 144733669,,,,,
Event 144733671,,,,,
Event 144733670,,,,,
Event 144733654,0.76528,,,,
Event 144733689,0.598449,,,,
Event 144733721,,,,,
Event 144733681,,,,,
Event 144733728,,,,,
Event 144733696,0.386829,,,,
Event 144733738,,,,,
Event 144733624,,,,,
Event 144733722,,,,,
Event 144733673,,,,,
Event 144733732,,,,,
Event 144733688,,,,,
Event 144733740,,,,,
Event 144733748,,,,,
Event 144733755,,,,,
Event 144733777,,,,,
Event 144733757,,,,,
Event 144733708,,,,,
Event 144733800,0.738895,,,,
Event 144733762,0.237862,,,,
Event 144733790,,,,,
Event 144733816,-0.255389,,,,
Event 144733760,0.085299,,,,
Event 144733814,,,,,
Event 144733794,,,,,
Event 144733820,0.695778,,,,
Event 144733822,,,,,
Event 144733692,,,,,
Event 144733840,0.89562,,,,
Event 144733818,,,,,
Event 144733833,1.60869,,,,
Event 144733826,,,,,
Event 144733835,,,,,
Event 144733815,0.554259,,,,
Event 144733867,,,,,
Event 144733878,-1.81461,,,,
Event 144733881,,,,,
Event 144733884,,,,,
Event 144733851,,,,,
Event 144733827,-0.201101,,,,
Event 144733899,,,,,
Event 144733909,-0.0984348,,,,
Event 144733883,,,,,
Event 144733888,,,,,
Event 144733908,,,,,
Event 144733907,,,,,
Event 144733906,,,,,
Event 144733936,,,,,
Event 144733941,-1.11782,,,,
Event 144733918,-1.1294,,,,
Event 144733869,,,,,
Event 144733873,,,,,
Event 144733972,,,,,
Event 144733955,,,,,
Event 144733990,0.359536,,,,
Event 144733932,0.27663,,,,
Event 144733996,,,,,
Event 144733920,,,,,
Event 144733913,,,,,
Event 144733994,,,,,
Event 144734009,,,,,
Event 144734000,,,,,
Event 144733973,,,,,
Event 144733963,,,,,
Event 144734019,,,,,
Event 144734002,,,,,
Event 144734030,0.253575,,,,
Event 144734036,0.763839,,,,
Event 144734020,,,,,
Event 144734012,,,,,
Event 144734024,,,,,
Event 144734013,2.30773,,,,
Event 144734026,,,,,
Event 144734037,,,,,
Event 144734057,0.429911,,,,
Event 144733998,,,,,
Event 144734051,,,,,
Event 144734054,,,,,
Event 144734059,,,,,
Event 144734084,,,,,
Event 144734022,-1.14577,,,,
Event 144734071,,,,,
Event 144734080,,,,,
Event 144734063,-1.82286,,,,
Event 144734074,,,,,
Event 144734108,,,,,
Event 144734081,,,,,
Event 144734092,-1.43511,,,,
Event 144734119,-0.978877,,,,
Event 144734048,,,,,
Event 144734109,,,,,
Event 144734075,,,,,
Event 144734099,,,,,
Event 144734136,,,,,
Event 144734120,,,,,
Event 144734123,-0.0016434,,,,
Event 144734146,,,,,
Event 144734135,,,,,
Event 144734145,-1.71512,,,,
Event 144734143,,,,,
Event 144734144,,,,,
Event 144734138,,,,,
Event 144734173,,,,,
Event 144734152,-1.69875,,,,
Event 144734151,,,,,
Event 144734147,1.70918,,,,
Event 144734166,,,,,
Event 144734182,,,,,
Event 144734126,1.23384,,,,
Event 144734194,,,,,
Event 144734202,,,,,
Event 144734207,,,,,
Event 144734142,,,,,
Event 144734189,,,,,
Event 144734208,-0.749885,,,,
Event 144734171,,,,,
Event 144734225,,,,,
Event 144734221,,,,,
Event 144734079,,,,,
Event 144734218,,,,,
Event 144734243,,,,,
Event 144734162,,,,,
Event 144734235,,,,,
Event 144734233,,,,,
Event 144734250,,,,,
Event 144734239,,,,,
Event 144734254,,,,,
Event 144734228,,,,,
Event 144734209,,,,,
Event 144734226,,,,,
Event 144734285,,,,,
Event 144734270,0.0443847,,,,
Event 144734261,-0.141959,,,,
Event 144734257,-1.30299,,,,
Event 144734279,-0.86896,,,,
Event 144734265,,,,,
Event 144734252,,,,,
Event 144734302,-0.668492,,,,
Event 144734256,,,,,
Event 144734298,,,,,
Event 144734319,0.219484,,,,
Event 144734288,,,,,
Event 144734326,,,,,
Event 144734295,,,,,
Event 144734313,,,,,
Event 144734328,,,,,
Event 144734251,,,,,
Event 144734347,,,,,
Event 144734332,,,,,
Event 144734321,,,,,
Event 144734330,0.727289,,,,
Event 144734320,,,,,
Event 144734354,,,,,
Event 144734314,,,,,
Event 144734348,,,,,
Event 144734351,,,,,
Event 144734365,-0.583738,,,,
Event 144734345,,,,,
Event 144734355,-1.08287,,,,
Event 144734359,-0.60718,,,,
Event 144734343,-1.04177,,,,
Event 144734385,,,,,
Event 144734420,,,,,
Event 144734380,,,,,
Event 144734402,0.157029,,,,
Event 144734403,,,,,
Event 144734423,,,,,
Event 144734364,,,,,
Event 144734413,,,,,
Event 144734390,,,,,
Event 144734399,-0.171084,,,,
Event 144734439,,,,,
Event 144734454,,,,,
Event 144734449,,,,,
Event 144734424,,,,,
Event 144734446,,,,,
Event 144734456,,,,,
Event 144734474,,,,,
Event 144734476,,,,,
Event 144734478,,,,,
Event 144734429,,,,,
Event 144734430,,,,,
Event 144734462,,,,,
Event 144734493,-1.10927,,,,
Event 144734461,,,,,
Event 144734500,,,,,
Event 144734501,,,,,
Event 144734486,,,,,
Event 144734508,,,,,
Event 144734427,0.569032,,,,
Event 144734506,,,,,
Event 144734481,,,,,
Event 144734492,-1.04502,,,,
Event 144734505,,,,,
Event 144734535,1.09912,,,,
Event 144734499,,,,,
Event 144734541,-0.806761,,,,
Event 144734539,,,,,
Event 144734511,0.222083,,,,
Event 144734529,,,,,
Event 144734466,1.11979,,,,
Event 144734564,-0.0462242,,,,
Event 144734571,,,,,
Event 144734512,,,,,
Event 144734583,-0.510721,,,,
Event 144734566,,,,,
Event 144734592,,,,,
Event 144734573,,,,,
Event 144734578,,,,,
Event 144734559,,,,,
Event 144734546,,,,,
Event 144734549,-0.531896,,,,
Event 144734579,,,,,
Event 144734627,,,,,
Event 144734596,-0.787889,,,,
Event 144734601,,,,,
Event 144734616,,,,,
Event 144734636,,,,,
Event 144734585,,,,,
Event 144734612,,,,,
Event 144734615,,,,,
Event 144734647,,,,,
Event 144734621,,,,,
Event 144734631,,,,,
Event 144734589,,,,,
Event 144734654,,,,,
Event 144734673,,,,,
Event 144734657,0.525093,,,,
Event 144734659,,,,,
Event 144734635,,,,,
Event 144734705,0.38262,,,,
Event 144734667,,,,,
Event 144734683,,,,,
Event 144734686,,,,,
Event 144734620,,,,,
Event 144734723,,,,,
Event 144734724,,,,,
Event 144734695,,,,,
Event 144734668,,,,,
Event 144734766,,,,,
Event 144734765,-0.308506,,,,
Event 144734764,-0.0887448,,,,
Event 144734709,,,,,
Event 144734719,,,,,
Event 144734788,,,,,
Event 144734800,,,,,
Event 144734799,,,,,
Event 144734646,,,,,
Event 144734809,-1.36604,,,,
Event 144734834,,,,,
Event 144734791,,,,,
Event 144734770,,,,,
Event 144734739,1.10247,,,,
Event 144734769,,,,,
Event 144734842,,,,,
Event 144734863,,,,,
Event 144734735,,,,,
Event 144734848,1.34077,,,,
Event 144734790,,,,,
Event 144734815,,,,,
Event 144734867,-0.266778,,,,
Event 144734807,,,,,
Event 144734862,,,,,
Event 144734876,,,,,
Event 144734778,,,,,
Event 144734830,-0.64401,,,,
Event 144734871,,,,,
Event 144734895,,,,,
Event 144734880,,,,,
Event 144734856,,,,,
Event 144734881,,,,,
Event 144734877,1.70237,,,,
Event 144734864,,,,,
Event 144734889,,,,,
Event 144734898,,,,,
Event 144734872,0.139104,,,,
Event 144734918,,,,,
Event 144734902,-1.38728,,,,
Event 144734942,,,,,
Event 144734897,,,,,
Event 144734948,,,,,
Event 144734900,,,,,
Event 144734885,2.23104,,,,
Event 144734893,,,,,
Event 144734963,-2.27765,,,,
Event 144734953,,,,,
Event 144734951,,,,,
Event 144734954,,,,,
Event 144734970,,,,,
Event 144734961,,,,,
Event 144734910,-1.533,,,,
Event 144734982,2.35966,,,,
Event 144734968,,,,,
Event 144734973,,,,,
Event 144734976,,,,,
Event 144734983,,,,,
Event 144734984,,,,,
Event 144735018,,,,,
Event 144734964,,,,,
Event 144735004,,,,,
Event 144735024,,,,,
Event 144735008,,,,,
Event 144734993,1.67452,,,,
Event 144734992,1.56169,,,,
Event 144735059,,,,,
Event 144735052,,,,,
Event 144734986,,,,,
Event 144735075,,,,,
Event 144735036,,,,,
Event 144735069,1.97303,,,,
Event 144735068,,,,,
Event 144735076,,,,,
Event 144735080,,,,,
Event 144735050,,,,,
Event 144735079,,,,,
Event 144735081,-0.0164291,,,,
Event 144735074,1.07055,,,,
Event 144735077,0.463736,,,,
Event 144735121,-1.92673,,,,
Event 144735104,0.447899,,,,
Event 144735137,,,,,
Event 144735154,,,,,
Event 144735114,,,,,
Event 144735134,,,,,
Event 144735150,-0.866905,,,,
Event 144735153,,,,,
Event 144734998,,,,,
Event 144735142,,,,,
Event 144735167,,,,,
Event 144735159,,,,,
Event 144735178,,,,,
Event 144735162,,,,,
Event 144735182,,,,,
Event 144735201,,,,,
Event 144735175,0.902276,,,,
Event 144735213,,,,,
Event 144735209,,,,,
Event 144735226,0.159715,,,,
Event 144735147,,,,,
Event 144735183,0.631489,,,,
Event 144735239,,,,,
Event 144735169,0.466434,,,,
Event 144735227,,,,,
Event 144735203,1.53057,,,,
Event 144735220,,,,,
Event 144735171,,,,,
Event 144735229,,,,,
Event 144735263,,,,,
Event 144735242,,,,,
Event 144735254,,,,,
Event 144735255,,,,,
Event 144735215,,,,,
Event 144735276,,,,,
Event 144735264,,,,,
Event 144735257,,,,,
Event 144735266,,,,,
Event 144735287,,,,,
Event 144735228,,,,,
Event 144735295,,,,,
Event 144735326,,,,,
Event 144735302,,,,,
Event 144735282,1.89364,,,,
Event 144735275,,,,,
Event 144735289,,,,,
Event 144735307,,,,,
Event 144735298,,,,,
Event 144735278,,,,,
Event 144735328,,,,,
Event 144735353,,,,,
Event 144735354,,,,,
Event 144735349,,,,,
Event 144735357,,,,,
Event 144735343,,,,,
Event 144735333,,,,,
Event 144735352,,,,,
Event 144735366,,,,,
Event 144735371,,,,,
Event 144735336,,,,,
Event 144735376,,,,,
Event 144735387,-1.22747,,,,
Event 144735392,2.33717,,,,
Event 144735391,,,,,
Event 144735370,,,,,
Event 144735402,,,,,
Event 144735432,,,,,
Event 144735325,,,,,
Event 144735403,0.483229,,,,
Event 144735408,,,,,
Event 144735433,,,,,
Event 144735438,,,,,
Event 144735407,1.2439,,,,
Event 144735440,,,,,
Event 144735461,,,,,
Event 144735439,0.833771,,,,
Event 144735446,,,,,
Event 144735410,,,,,
Event 144735469,,,,,
Event 144735473,-0.681839,,,,
Event 144735465,,,,,
Event 144735443,,,,,
Event 144735491,0.599822,,,,
Event 144735494,,,,,
Event 144735437,,,,,
Event 144735509,,,,,
Event 144735466,,,,,
Event 144735505,,,,,
Event 144735514,,,,,
Event 144735526,,,,,
Event 144735492,,,,,
Event 144735464,,,,,
Event 144735528,1.5988,,,,
Event 144735533,,,,,
Event 144735520,,,,,
Event 144735499,,,,,
Event 144735496,,,,,
Event 144735530,,,,,
Event 144735517,-0.378484,,,,
Event 144735551,1.14286,,,,
Event 144735553,,,,,
Event 144735558,,,,,
Event 144735557,,,,,
Event 144735560,,,,,
Event 144735556,,,,,
Event 144735588,,,,,
Event 144735573,,,,,
Event 144735584,,,,,
Event 144735577,,,,,
Event 144735595,,,,,
Event 144735598,,,,,
Event 144735606,,,,,
Event 144735618,1.18203,,,,
Event 144735547,,,,,
Event 144735622,-0.598178,,,,
Event 144735636,-0.845894,,,,
Event 144735663,,,,,
Event 144735678,,,,,
Event 144735580,,,,,
Event 144735653,,,,,
Event 144735617,,,,,
Event 144735688,,,,,
Event 144735703,,,,,
Event 144735704,,,,,
Event 144735594,,,,,
Event 144735673,,,,,
Event 144735658,,,,,
Event 144735711,,,,,
Event 144735706,,,,,
Event 144735718,,,,,
Event 144735682,,,,,
Event 144735732,-0.358612,,,,
Event 144735699,,,,,
Event 144735727,,,,,
Event 144735751,,,,,
Event 144735680,-0.939699,,,,
Event 144735738,,,,,
Event 144735691,1.61336,,,,
Event 144735746,,,,,
Event 144735734,,,,,
Event 144735753,,,,,
Event 144735741,,,,,
Event 144735643,,,,,
Event 144735754,,,,,
Event 144735735,,,,,
Event 144735768,,,,,
Event 144735775,,,,,
Event 144735648,0.380043,,,,
Event 144735785,,,,,
Event 144735773,0.960775,,,,
Event 144735780,0.949461,,,,
Event 144735757,,,,,
Event 144735804,,,,,
Event 144735767,0.484774,,,,
Event 144735781,,,,,
Event 144735791,0.363116,,,,
Event 144735830,,,,,
Event 144735816,-0.314258,,,,
Event 144735868,,,,,
Event 144735744,,,,,
Event 144735798,,,,,
Event 144735807,,,,,
Event 144735860,,,,,
Event 144735787,1.08479,,,,
Event 144735793,,,,,
Event 144735817,,,,,
Event 144735823,,,,,
Event 144735850,,,,,
Event 144735872,,,,,
Event 144735810,,,,,
Event 144735863,,,,,
Event 144735841,-0.693766,,,,
Event 144735896,,,,,
Event 144735871,-1.99114,,,,
Event 144735879,,,,,
Event 144735853,-1.65295,,,,
Event 144735875,,,,,
Event 144735886,,,,,
