Event #,Value only in LPC
Event 138712468,-0.128341
Event 138712481,0.547275
Event 138712459,-0.398557
Event 138712494,2.3469
Event 138712447,-0.776952
Event 138712475,1.23932
Event 138712514,2.38838
Event 138712526,2.98847
Event 138712483,2.0952
Event 138712542,3.0052
Event 138712537,0.303424
Event 138712467,-2.8168
Event 138712541,0.140917
Event 138712484,-2.62659
Event 138712543,-1.58862
Event 138712562,2.66124
Event 138712510,-3.07893
Event 138712544,2.06028
Event 138712482,-0.806824
Event 138712561,-0.958449
Event 138712566,2.3034
Event 138712580,2.08398
Event 138712532,0.632703
Event 138712594,1.88978
Event 138712584,1.62553
Event 138712602,2.64064
Event 138712598,1.33858
Event 138712556,-2.98133
Event 138712600,-3.08164
Event 138712599,-0.074749
Event 138712595,1.26405
Event 138712575,1.7177
Event 138712563,2.38607
Event 138712603,-1.17643
Event 138712614,1.89546
Event 138712618,-1.82139
Event 138712606,-2.66886
Event 138712631,-2.25996
Event 138712625,-1.39064
Event 138712615,-1.42033
Event 138712607,-1.49056
Event 138712577,0.869813
Event 138712642,-1.23359
Event 138712589,0.934343
Event 138712639,-1.37861
Event 138712652,2.24579
Event 138712650,0.355163
Event 138712662,-1.47951
Event 138712653,3.07703
Event 138712656,2.57881
Event 138712641,-2.65915
Event 138712622,-2.81017
Event 138712689,0.956789
Event 138712626,0.595495
Event 138712672,2.63581
Event 138712648,2.96604
Event 138712697,1.96958
Event 138712705,-0.573732
Event 138712720,3.06406
Event 138712692,-0.790871
Event 138712694,-3.01754
Event 138712729,-2.29915
Event 138712710,2.11521
Event 138712685,2.11099
Event 138712691,-1.80725
Event 138712716,-0.120318
Event 138712738,2.11564
Event 138712730,0.825871
Event 138712760,2.02767
Event 138712754,-0.827544
Event 138712687,-2.21962
Event 138712756,2.136
Event 138712728,-1.18902
Event 138712777,-1.72364
Event 138712770,1.19622
Event 138712791,1.10673
Event 138712731,2.03071
Event 138712782,2.03704
Event 138712778,0.259627
Event 138712745,2.69218
Event 138712788,-0.520987
Event 138712795,-0.122507
Event 138712764,2.50213
Event 138712808,1.93574
Event 138712751,1.01957
Event 138712772,0.26639
Event 138712826,0.837768
Event 138712828,-1.82789
Event 138712816,3.05163
Event 138712843,1.44899
Event 138712769,0.198111
Event 138712858,1.01134
Event 138712840,-0.963671
Event 138712874,-2.45836
Event 138712844,-1.60175
Event 138712824,-1.36723
Event 138712859,0.637091
Event 138712845,-2.59716
Event 138712885,2.02618
Event 138712860,0.153944
Event 138712884,-0.662102
Event 138712849,-1.95804
Event 138712809,0.200847
Event 138712855,-1.25519
Event 138712894,0.861392
Event 138712929,-0.502904
Event 138712905,2.99053
Event 138712908,2.05371
Event 138712892,-0.158824
Event 138712928,3.00427
Event 138712900,-2.97219
Event 138712931,-0.831611
Event 138712901,0.715084
Event 138712787,2.62599
Event 138712945,-2.0622
Event 138712962,0.834193
Event 138712947,2.6827
Event 138712932,-0.541566
Event 138712957,0.941042
Event 138712946,-0.877497
Event 138712969,2.20325
Event 138712974,0.784612
Event 138712927,1.53315
Event 138712984,-0.307622
Event 138712971,2.68637
Event 138713006,2.96253
Event 138712955,2.7595
Event 138712978,-1.01125
Event 138713009,-1.66044
Event 138712996,-2.9466
Event 138713004,1.00617
Event 138712896,1.78039
Event 138712893,0.885519
Event 138713023,-2.60396
Event 138712973,2.28213
Event 138713033,-1.33036
Event 138712995,1.77777
Event 138713014,-0.853773
Event 138713047,-1.94128
Event 138713038,-0.0599623
Event 138713046,-0.966794
Event 138713026,-0.411744
Event 138713028,3.01757
Event 138713016,-2.93901
Event 138713060,-1.55148
Event 138713051,-2.63956
Event 138713055,-0.316093
Event 138713072,-0.855538
Event 138713092,1.6903
Event 138713063,-3.08799
Event 138713086,3.09897
Event 138712990,-0.415326
Event 138713064,-2.22162
Event 138713021,-0.475791
Event 138713115,0.0844919
Event 138713085,-1.42358
Event 138713082,-0.621523
Event 138713077,0.987108
Event 138713123,0.68496
Event 138713136,2.23931
Event 138713139,1.20815
Event 138713067,2.61376
Event 138713125,2.2452
Event 138713087,1.33879
Event 138713089,-0.291718
Event 138713143,-2.58502
Event 138713156,-3.05484
Event 138713168,-0.843329
Event 138713117,-2.59566
Event 138713142,0.940544
Event 138713119,0.684854
Event 138713150,-3.11738
Event 138713183,-2.94981
Event 138713184,2.75781
Event 138713200,0.834388
Event 138713124,2.36093
Event 138713186,2.86887
Event 138713178,0.949833
Event 138713202,-0.911955
Event 138713197,-0.0414168
Event 138713179,2.07114
Event 138713162,1.83037
Event 138713212,-2.10935
Event 138713219,-0.196938
Event 138713174,1.11445
Event 138713207,1.20992
Event 138713220,2.58319
Event 138713246,-0.39659
Event 138713208,1.71406
Event 138713237,1.17237
Event 138713222,1.14426
Event 138713242,-2.53219
Event 138713255,2.90216
Event 138713236,3.13523
Event 138713245,-1.74189
Event 138713235,0.608691
Event 138713240,2.3642
Event 138713221,-1.0581
Event 138713265,1.3534
Event 138713271,1.06837
Event 138713281,-0.204596
Event 138713258,-2.25341
Event 138713301,-1.336
Event 138713252,1.19202
Event 138713278,-0.456939
Event 138713287,-0.381629
Event 138713305,-1.52547
Event 138713303,1.46632
Event 138713309,1.20047
Event 138713268,2.60228
Event 138713314,-2.63931
Event 138713254,-0.0694817
Event 138713345,-0.56239
Event 138713325,-2.51438
Event 138713112,0.991668
Event 138713324,-2.16248
Event 138713277,-2.77458
Event 138713344,-1.91168
Event 138713327,2.08667
Event 138713352,0.686537
Event 138713312,2.99563
Event 138713304,2.4198
Event 138713288,1.04609
Event 138713375,0.334992
Event 138713384,0.267582
Event 138713357,-1.02318
Event 138713390,-1.77892
Event 138713383,-1.0532
Event 138713389,-1.04471
Event 138713393,1.71022
Event 138713406,2.21552
Event 138713409,2.7077
Event 138713355,2.90329
Event 138713400,-0.7362
Event 138713405,2.66366
Event 138713407,2.4231
Event 138713328,1.86014
Event 138713424,1.87502
Event 138713436,-3.04595
Event 138713386,-0.157899
Event 138713425,-0.327985
Event 138713426,-1.22587
Event 138713417,2.76576
Event 138713438,2.02577
Event 138713444,2.08166
Event 138713462,-1.67839
Event 138713465,-1.36699
Event 138713451,-2.5498
Event 138713408,2.92119
Event 138713469,2.41343
Event 138713453,2.81299
Event 138713480,-2.62291
Event 138713478,-0.270654
Event 138713434,-1.55475
Event 138713510,-1.62252
Event 138713494,-2.9765
Event 138713500,-1.10858
Event 138713486,2.01952
Event 138713531,2.76003
Event 138713534,2.12153
Event 138713516,2.0336
Event 138713446,-2.60027
Event 138713513,-2.95491
Event 138713537,3.12342
Event 138713427,2.34547
Event 138713544,2.26728
Event 138713551,1.0084
Event 138713496,2.25509
Event 138713514,2.95119
Event 138713569,0.937917
Event 138713532,2.37657
Event 138713565,0.594497
Event 138713567,-1.30271
Event 138713580,1.38948
Event 138713581,3.09883
Event 138713558,1.84569
Event 138713572,-0.223633
Event 138713539,2.89605
Event 138713573,-2.84097
Event 138713546,-1.22017
Event 138713582,2.95883
Event 138713598,2.81112
Event 138713605,0.0614481
Event 138713590,-0.655196
Event 138713612,2.69253
Event 138713594,1.05879
Event 138713639,-2.85636
Event 138713583,-2.07386
Event 138713634,0.12037
Event 138713653,0.655524
Event 138713628,-2.95525
Event 138713629,-2.80115
Event 138713610,2.97029
Event 138713604,-1.91683
Event 138713680,2.74588
Event 138713658,-1.18435
Event 138713686,0.952992
Event 138713615,-0.650214
Event 138713664,-1.62323
Event 138713657,-1.50896
Event 138713682,1.10034
Event 138713713,2.70831
Event 138713725,0.951901
Event 138713720,-0.976912
Event 138713645,1.59766
Event 138713711,2.70022
Event 138713676,-2.59982
Event 138713741,-3.0284
Event 138713755,-0.0516693
Event 138713693,-3.05032
Event 138713788,1.3026
Event 138713753,-0.576767
Event 138713732,2.83232
Event 138713779,-3.02127
Event 138713775,-2.03055
Event 138713737,-2.11016
Event 138713756,-2.77038
Event 138713697,0.872036
Event 138713800,2.04026
Event 138713747,-1.38308
Event 138713759,2.42511
Event 138713828,-2.04006
Event 138713845,-0.579683
Event 138713816,-0.813468
Event 138713826,-2.93544
Event 138713843,2.55066
Event 138713811,2.69432
Event 138713782,-1.4041
Event 138713760,1.66747
Event 138713852,1.1052
Event 138713855,1.49371
Event 138713869,-0.646571
Event 138713870,2.07787
Event 138713862,2.66575
Event 138713872,-0.864673
Event 138713889,1.1168
Event 138713859,-0.154885
Event 138713832,2.09755
Event 138713837,1.94661
Event 138713888,-1.56081
Event 138713873,1.21324
Event 138713874,2.72973
Event 138713892,-0.698905
Event 138713901,2.71486
Event 138713729,-2.61257
Event 138713909,0.29484
Event 138713903,-1.29535
Event 138713912,2.94083
Event 138713880,2.76996
Event 138713896,-2.15991
Event 138713914,1.64929
Event 138713928,2.63947
Event 138713918,3.09171
Event 138713945,0.320137
Event 138713931,2.20988
Event 138713934,-2.05272
Event 138713879,-1.04521
Event 138713955,-2.3083
Event 138713966,-1.61271
Event 138713968,-1.06271
Event 138713973,-0.73458
Event 138713940,0.475934
Event 138713963,-2.04635
Event 138713829,3.13495
Event 138713916,-2.83336
Event 138713982,-1.30334
Event 138713992,-0.44983
Event 138714045,-0.420433
Event 138714022,-1.92453
Event 138714001,-2.9783
Event 138713986,2.12736
Event 138714027,0.921308
Event 138714035,0.172999
Event 138714043,2.77171
Event 138714072,-0.827271
Event 138714018,1.90699
Event 138714068,1.03755
Event 138714069,0.839344
Event 138714070,-1.607
Event 138713972,2.45562
Event 138714084,2.07841
Event 138714053,2.28772
Event 138714083,-0.963036
Event 138714111,-1.40939
Event 138713993,1.07217
Event 138714058,-2.84186
Event 138714114,-1.04148
Event 138714085,-0.460095
Event 138714110,0.348883
Event 138714076,2.38821
Event 138714124,-0.7853
Event 138714120,2.51437
Event 138714113,0.616307
Event 138714026,-3.06728
Event 138714145,0.937434
Event 138714138,2.75839
Event 138714146,-1.5761
Event 138714136,0.639474
Event 138714152,-2.71229
Event 138714155,0.0386382
Event 138714143,1.8401
Event 138714172,2.70282
Event 138714144,0.289941
Event 138714153,-2.9132
Event 138714199,0.455314
Event 138714162,-2.60105
Event 138714200,-2.16961
Event 138714154,-1.51538
Event 138714194,1.14264
Event 138714128,-1.74001
Event 138714151,-1.24768
Event 138714234,-3.10537
Event 138714195,-2.25627
Event 138714227,-3.05631
Event 138714245,1.06907
Event 138714206,0.319683
Event 138714263,2.29689
Event 138714239,0.347637
Event 138714273,-2.21075
Event 138714287,-2.03913
Event 138714253,-2.4111
Event 138714309,-0.765357
Event 138714333,1.4707
Event 138714223,0.608028
Event 138714259,0.352361
Event 138714305,-0.902421
Event 138714265,2.50542
Event 138714246,0.00777803
Event 138714320,-2.43142
Event 138714292,-0.589452
Event 138714344,0.597038
Event 138714313,1.41872
Event 138714341,0.000625032
Event 138714312,3.07257
Event 138714357,-1.03529
Event 138714340,2.95121
Event 138714343,1.29548
Event 138714311,-0.893549
Event 138714390,-1.53238
Event 138714388,-0.164285
Event 138714348,2.21274
Event 138714362,0.703482
Event 138714395,-0.80259
Event 138714403,1.90309
Event 138714369,-1.0107
Event 138714392,0.753762
Event 138714414,-3.09187
Event 138714380,-0.914722
Event 138714404,-1.86512
Event 138714444,-0.0857954
Event 138714427,-1.35729
Event 138714425,1.40435
Event 138714391,-1.21048
Event 138714430,0.713617
Event 138714443,-0.919533
Event 138714431,2.5
Event 138714481,1.62604
Event 138714456,-2.55808
Event 138714473,1.68292
Event 138714500,0.253411
Event 138714400,2.98659
Event 138714441,0.536987
Event 138714477,-1.55558
Event 138714466,-2.1176
Event 138714508,0.41216
Event 138714356,-1.15733
Event 138714505,-0.662306
Event 138714421,1.86371
Event 138714539,-0.116146
Event 138714521,1.29652
Event 138714528,-0.987655
Event 138714498,-2.82052
Event 138714526,3.03389
Event 138714509,-0.791568
Event 138714489,-0.196397
Event 138714518,1.79908
Event 138714565,-0.513845
Event 138714529,0.777969
Event 138714579,2.72034
Event 138714540,0.17217
Event 138714531,2.69279
Event 138714584,1.61716
Event 138714555,0.427971
Event 138714558,-1.74945
Event 138714585,-0.21114
Event 138714582,-1.08267
Event 138714576,2.22432
Event 138714562,1.46068
Event 138714610,-0.883076
Event 138714609,2.76204
Event 138714597,2.18983
Event 138714544,1.03858
Event 138714590,0.715528
Event 138714622,-0.766552
Event 138714598,-0.165087
Event 138714616,1.5121
Event 138714593,2.30699
Event 138714629,-2.3895
Event 138714615,0.562471
Event 138714573,0.984455
Event 138714618,-1.53576
Event 138714631,2.05345
Event 138714569,0.628582
Event 138714627,-1.12794
Event 138714680,0.890709
Event 138714642,2.92826
Event 138714644,-3.00559
Event 138714667,-0.692403
Event 138714649,0.310493
Event 138714643,1.05788
Event 138714665,-0.636296
Event 138714683,-0.111396
Event 138714682,0.892005
Event 138714706,3.05617
Event 138714641,-0.323605
Event 138714693,0.737187
Event 138714730,-2.09483
Event 138714714,-2.71455
Event 138714681,2.99076
Event 138714735,2.24719
Event 138714687,0.0883228
Event 138714721,-2.2092
Event 138714727,0.0450792
Event 138714720,0.68482
Event 138714742,-2.44235
Event 138714737,2.57768
Event 138714736,1.48332
Event 138714725,-2.82078
Event 138714743,-2.42895
Event 138714701,2.35004
Event 138714765,2.22093
Event 138714748,-2.16502
Event 138714750,0.722232
Event 138714739,0.0469023
Event 138714770,2.62682
Event 138714779,0.146088
Event 138714768,-0.0884286
Event 138714759,1.05874
Event 138714752,0.803668
Event 138714787,2.88691
Event 138714802,2.80263
Event 138714757,2.82945
Event 138714793,2.47616
Event 138714824,2.99087
Event 138714808,1.69267
Event 138714792,-1.27659
Event 138714814,-3.0594
Event 138714819,2.79014
Event 138714822,-2.34674
Event 138714827,1.39234
Event 138714815,0.56686
Event 138714812,-2.53662
Event 138714826,2.14327
Event 138714755,1.89673
Event 138714825,2.62042
Event 138714831,-2.10607
Event 138714845,1.82274
Event 138714799,1.93245
Event 138714844,-2.53998
Event 138714851,2.41385
Event 138714857,1.08307
Event 138714852,1.13668
Event 138714861,3.12155
Event 138714873,-1.98641
Event 138714850,-1.56453
Event 138714894,2.88402
Event 138714869,1.5535
Event 138714882,2.26327
Event 138714876,0.148309
Event 138714887,2.84693
Event 138714908,-2.06206
Event 138714885,2.06427
Event 138714867,0.69382
Event 138714881,-2.79729
Event 138714896,0.0609449
Event 138714913,1.42068
Event 138714919,1.94017
Event 138714934,-1.97846
Event 138714937,0.76042
Event 138714931,1.84359
Event 138714933,-1.66533
Event 138714952,-1.2543
Event 138714895,1.21406
Event 138714938,0.782812
Event 138714943,-3.0554
Event 138714963,2.59512
Event 138714978,1.43252
Event 138715000,-0.896815
Event 138714966,0.967955
Event 138714917,-2.21864
Event 138714992,-3.06093
Event 138714990,-2.32805
Event 138714941,1.58781
Event 138715016,-3.00927
Event 138715006,2.66548
Event 138715004,-3.06788
Event 138715001,2.07015
Event 138715025,0.401046
Event 138715020,0.270287
Event 138715003,-1.95536
Event 138714970,-2.36536
Event 138715007,2.79311
Event 138715049,3.11277
Event 138715058,2.65422
Event 138715019,-1.6717
Event 138715026,-1.8594
Event 138715060,1.67622
Event 138715052,-1.57811
Event 138715012,-2.32171
Event 138715035,-2.53858
Event 138715061,1.0485
Event 138715070,-1.44591
Event 138715062,0.726438
Event 138715082,-2.30271
Event 138715057,2.05449
Event 138715048,-1.35144
Event 138715065,-2.63858
Event 138715095,-2.75256
Event 138715073,1.6035
Event 138715068,-2.85026
Event 138715094,-2.77093
Event 138715102,-1.00765
Event 138715090,-1.41931
Event 138715116,0.731417
Event 138715112,-2.7341
Event 138715053,-2.99963
Event 138715081,2.23898
Event 138715108,-2.08747
Event 138715113,0.610315
Event 138715119,-3.03371
Event 138715083,1.21332
Event 138715146,-2.95493
Event 138715123,0.840985
Event 138715143,0.867052
Event 138715128,-2.09162
Event 138715130,3.12989
Event 138715118,0.265162
Event 138715154,-0.463963
Event 138715157,-1.82236
Event 138715151,-2.39463
Event 138715132,-0.760534
Event 138715139,0.276086
Event 138715147,-1.70108
Event 138715192,0.0246102
Event 138715175,3.01116
Event 138715178,-2.85285
Event 138715131,-0.571795
Event 138715150,1.20454
Event 138715197,2.09307
Event 138715160,-2.16061
Event 138715162,0.126873
Event 138715189,1.54164
Event 138715184,0.363896
Event 138715193,0.759356
Event 138715198,-0.325355
Event 138715212,-0.100028
Event 138715227,-2.56129
Event 138715235,-1.91478
Event 138715223,-3.02123
Event 138715213,-2.21482
Event 138715248,-1.93381
Event 138715233,0.680636
Event 138715249,-1.0981
Event 138715239,1.35529
Event 138715215,2.75943
Event 138715257,3.01915
Event 138715260,0.42747
Event 138715272,0.747425
Event 138715269,1.98885
Event 138715273,-0.681187
Event 138715266,0.944086
Event 138715229,-1.71871
Event 138715292,1.46526
Event 138715296,0.46595
Event 138715313,2.77435
Event 138715286,1.41996
Event 138715283,-0.024526
Event 138715303,-0.413291
Event 138715318,-0.186246
Event 138715315,2.12512
Event 138715350,0.0765777
Event 138715325,1.57201
Event 138715332,1.56125
Event 138715367,2.63309
Event 138715319,-3.00988
Event 138715320,-2.92606
Event 138715382,-1.78234
Event 138715360,-0.822824
Event 138715381,-0.539147
Event 138715368,2.55515
Event 138715388,1.01278
Event 138715293,-2.80855
Event 138715392,0.943054
Event 138715429,1.0747
Event 138715419,-0.995898
Event 138715432,-1.74355
Event 138715424,3.01148
Event 138715387,-2.63496
Event 138715447,3.08565
Event 138715335,-1.879
Event 138715436,-0.440768
Event 138715383,1.95254
Event 138715410,0.451807
Event 138715430,-1.68054
Event 138715439,-2.45122
Event 138715452,-3.13611
Event 138715435,2.92263
Event 138715463,-2.61849
Event 138715431,-1.10455
Event 138715453,2.31386
Event 138715503,1.20118
Event 138715481,2.73976
Event 138715474,-2.67258
Event 138715518,2.54573
Event 138715498,0.512294
Event 138715512,-0.961296
Event 138715527,-0.359694
Event 138715471,-2.53855
Event 138715466,1.03478
Event 138715523,2.09408
Event 138715533,-0.684392
Event 138715544,1.92139
Event 138715555,-3.01368
Event 138715560,1.28862
Event 138715535,-2.02202
Event 138715558,-2.09277
Event 138715566,0.723044
Event 138715458,-1.48434
Event 138715556,-1.11054
Event 138715534,0.0901159
Event 138715563,-0.670677
Event 138715572,-1.55336
Event 138715552,3.12126
Event 138715478,-1.36585
Event 138715577,-0.0673186
Event 138715564,2.16484
Event 138715587,2.77423
Event 138715606,-1.12815
Event 138715567,1.48528
Event 138715585,-3.03315
Event 138715603,1.17976
Event 138715537,1.71696
Event 138715600,-3.03196
Event 138715626,-1.73631
Event 138715618,1.02763
Event 138715602,-1.34912
Event 138715631,-2.73776
Event 138715574,-1.52412
Event 138715622,-0.47394
Event 138715635,1.25361
Event 138715638,-2.3661
Event 138715637,0.655837
Event 138715613,-2.91223
Event 138715644,2.22499
Event 138715641,1.26496
Event 138715608,1.95725
Event 138715645,2.91339
Event 138715660,0.925368
Event 138715647,-2.52021
Event 138715657,1.25298
Event 138715665,-2.674
Event 138715672,0.160092
Event 138715648,1.72415
Event 138715653,1.54129
Event 138715667,-1.86242
Event 138715673,-2.20568
Event 138715677,2.5459
Event 138715680,-0.51835
Event 138715646,-0.349648
Event 138715633,-0.760409
Event 138715699,-2.88581
Event 138715674,2.43116
Event 138715708,0.323786
Event 138715706,-2.05101
Event 138715702,-2.66904
Event 138715686,-1.01358
Event 138715721,1.84397
Event 138715707,-1.68359
Event 138715724,-2.88466
Event 138715711,-2.96937
Event 138715738,1.3267
Event 138715723,0.591355
Event 138715752,-1.52746
Event 138715726,-2.57316
Event 138715739,-2.21654
Event 138715740,-2.01185
Event 138715744,-0.361531
Event 138715762,-3.09155
Event 138715712,0.441537
Event 138715747,2.17316
Event 138715760,-2.11833
Event 138715732,-2.21751
Event 138715791,-2.85148
Event 138715783,-0.651583
Event 138715777,2.84412
Event 138715805,-1.68974
Event 138715755,0.701056
Event 138715759,-0.577637
Event 138715810,-0.100293
Event 138715808,-0.997706
Event 138715827,-1.57075
Event 138715794,2.33758
Event 138715811,0.685528
Event 138715809,2.18715
Event 138715824,0.667331
Event 138715796,-1.3712
Event 138715860,-0.495269
Event 138715750,2.00444
Event 138715859,0.0452435
Event 138715826,-2.03883
Event 138715867,2.4116
Event 138715864,-2.3688
Event 138715773,-2.55613
Event 138715788,-2.42285
Event 138715873,1.50415
Event 138715869,-0.0396192
Event 138715858,0.892705
Event 138715884,1.07132
Event 138715894,-2.51003
Event 138715782,-3.12274
Event 138715863,1.25148
Event 138715886,1.13806
Event 138715878,1.03066
Event 138715903,0.353614
Event 138715910,1.06743
Event 138715895,1.57543
Event 138715904,2.12731
Event 138715920,2.02677
Event 138715818,-1.5604
Event 138715913,-0.662309
Event 138715888,3.10703
Event 138715881,-1.35337
Event 138715923,-3.05157
Event 138715947,0.896047
Event 138715909,2.54261
Event 138715906,1.71073
Event 138715918,-1.61275
Event 138715958,-2.1751
Event 138715932,0.0198651
Event 138715969,2.7654
Event 138715928,-0.599647
Event 138715959,2.54813
Event 138715921,2.95345
Event 138715963,-1.22826
Event 138715980,-1.16085
Event 138715938,-0.244804
Event 138715993,2.18116
Event 138715943,-1.63881
Event 138715972,1.65089
Event 138716010,-3.13366
Event 138715914,2.42935
Event 138716017,2.12411
Event 138715939,2.1066
Event 138716027,1.83103
Event 138716016,-1.62806
Event 138715979,-1.48702
Event 138716006,-1.41253
Event 138716028,1.0104
Event 138716007,2.89188
Event 138716048,1.24033
Event 138716029,0.648367
Event 138716072,-1.96252
Event 138716038,-3.02371
Event 138716063,0.318527
Event 138716049,-2.71182
Event 138716076,-2.54895
Event 138716056,-1.61415
Event 138716071,2.51561
Event 138715949,2.98843
Event 138716094,-0.173522
Event 138716088,-1.17075
Event 138716108,2.83359
Event 138715967,3.1346
Event 138716091,1.30291
Event 138716066,1.23706
Event 138716089,-2.99967
Event 138716115,-1.33629
Event 138716123,1.11516
Event 138716090,-0.994622
Event 138716119,2.3356
Event 138716129,-2.08683
Event 138716130,2.16807
Event 138716103,1.45484
Event 138716118,-2.12182
Event 138716087,0.192342
Event 138716121,1.956
Event 138716114,2.86894
Event 138716142,-0.860694
Event 138716150,1.78283
Event 138716112,1.19935
Event 138716163,0.327474
Event 138716152,1.10948
Event 138716157,3.11725
Event 138716156,1.52099
Event 138716146,2.49633
Event 138716124,1.84556
Event 138716167,2.49141
Event 138716213,-0.57712
Event 138716187,2.28772
Event 138716192,-1.48475
Event 138716215,-1.59805
Event 138716220,2.25105
Event 138716229,1.55279
Event 138716206,-2.82813
Event 138716132,0.0987152
Event 138716235,0.820878
Event 138716245,2.3077
Event 138716200,-2.42519
Event 138716186,3.0181
Event 138716177,-2.29348
Event 138716254,2.68252
Event 138716172,2.52102
Event 138716237,1.76217
Event 138716257,-0.77912
Event 138716221,-1.53786
Event 138716234,2.10093
Event 138716251,-2.97333
Event 138716232,-2.26538
Event 138716253,-1.67781
Event 138716256,2.30233
Event 138716208,0.178107
Event 138716252,1.56599
Event 138716259,2.7881
Event 138716270,1.47023
Event 138716273,-2.13907
Event 138716286,1.70074
Event 138716276,1.6999
Event 138716272,1.99738
Event 138716287,2.70181
Event 138716306,0.316236
Event 138716228,-3.06153
Event 138716303,-1.93453
Event 138716260,1.78175
Event 138716267,1.66116
Event 138716302,-2.43929
Event 138716285,0.842924
Event 138716348,-0.382143
Event 138716307,-2.32189
Event 138716319,2.01056
Event 138716313,1.17242
Event 138716318,-1.43873
Event 138716288,-1.75997
Event 138716275,2.04404
Event 138716340,-1.90892
Event 138716362,-2.4553
Event 138716328,2.60095
Event 138716370,-0.702914
Event 138716352,2.46596
Event 138716388,0.236853
Event 138716387,1.4139
Event 138716327,2.17312
Event 138716365,0.936162
Event 138716323,-1.77816
Event 138716375,0.448295
Event 138716381,2.95691
Event 138716398,-1.79142
Event 138716347,-0.927104
Event 138716399,-0.0448071
Event 138716389,-2.91785
Event 138716431,2.89834
Event 138716397,0.376584
Event 138716390,-2.52988
Event 138716409,-2.7201
Event 138716427,1.69892
Event 138716378,-0.721165
Event 138716436,1.46947
Event 138716413,1.51018
Event 138716440,1.50453
Event 138716449,-2.65386
Event 138716377,-2.91129
Event 138716454,1.63926
Event 138716447,0.464164
Event 138716469,-3.09111
Event 138716452,2.81312
Event 138716492,2.5338
Event 138716441,-1.73047
Event 138716495,1.23569
Event 138716493,0.907162
Event 138716490,-0.135595
Event 138716494,2.17205
Event 138716395,0.262499
Event 138716456,1.08861
Event 138716488,-0.329156
Event 138716518,0.626101
Event 138716479,-3.10704
Event 138716496,2.58611
Event 138716513,-2.9478
Event 138716499,2.09891
Event 138716524,-1.35402
Event 138716498,0.275833
Event 138716508,0.13487
Event 138716445,0.883371
Event 138716530,1.42974
Event 138716532,-1.33006
Event 138716562,3.0789
Event 138716543,-2.04629
Event 138716533,-0.669618
Event 138716560,2.11331
Event 138716569,-2.30126
Event 138716545,-1.75487
Event 138716576,-2.25105
Event 138716580,-0.798075
Event 138716544,-1.32904
Event 138716585,-0.438617
Event 138716579,0.733177
Event 138716583,-1.81243
Event 138716606,0.502514
Event 138716623,1.28953
Event 138716602,0.270665
Event 138716536,-2.81226
Event 138716624,2.74748
Event 138716598,-2.21178
Event 138716600,-1.53854
Event 138716613,-0.37646
Event 138716547,0.609452
Event 138716638,3.10572
Event 138716669,1.98406
Event 138716670,-2.44596
Event 138716661,-0.239282
Event 138716674,1.46617
Event 138716677,-2.53093
Event 138716671,-1.64251
Event 138716672,-1.05988
Event 138716682,2.90104
Event 138716650,1.33711
Event 138716680,-1.36591
Event 138716697,-0.599256
Event 138716692,1.90787
Event 138716710,2.32156
Event 138716655,-1.30008
Event 138716681,1.80233
Event 138716737,2.88145
Event 138716627,0.760881
Event 138716730,1.29188
Event 138716718,0.678778
Event 138716723,2.67983
Event 138716758,-2.89978
Event 138716748,-0.601927
Event 138716760,-1.09724
Event 138716751,-2.91935
Event 138716754,2.42833
Event 138716769,-1.63495
Event 138716786,2.7418
Event 138716762,-1.9174
Event 138716803,1.5261
Event 138716787,2.91041
Event 138716807,1.22648
Event 138716791,1.45398
Event 138716789,0.724784
Event 138716776,-1.23767
Event 138716813,-0.799591
Event 138716795,-2.33549
Event 138716818,2.15126
Event 138716827,-1.6113
Event 138716833,0.677239
Event 138716701,2.51403
Event 138716826,-1.25628
Event 138716832,-0.792393
Event 138716845,0.0821245
Event 138716823,-1.84716
Event 138716815,0.521747
Event 138716839,-3.01055
Event 138716820,-1.93962
Event 138716828,1.78248
Event 138716861,-1.54096
Event 138716852,2.21446
Event 138716863,0.880146
Event 138716874,0.160686
Event 138716856,0.789428
Event 138716872,1.52232
Event 138716880,-1.40319
Event 138716870,-3.02965
Event 138716836,-2.60466
Event 138716909,-2.98119
Event 138716867,-2.85452
Event 138716908,-1.70999
Event 138716882,-2.49523
Event 138716897,-2.73227
Event 138716849,-0.15467
Event 138716876,-0.0237588
Event 138716889,-0.81896
Event 138716940,-1.58686
Event 138716910,1.45559
Event 138716932,0.890563
Event 138716887,-0.27357
Event 138716948,0.0108829
Event 138716917,-2.61944
Event 138716945,-3.09288
Event 138716915,-2.10733
Event 138716942,1.85076
Event 138716944,-2.9203
Event 138716954,-0.333311
Event 138716956,-2.17562
Event 138716943,2.7788
Event 138716981,2.24496
Event 138716998,2.05567
Event 138716974,2.2218
Event 138716996,-3.07035
Event 138716966,-0.312684
Event 138716990,-2.52388
Event 138717006,-0.879541
Event 138716989,2.64749
Event 138717011,0.419496
Event 138717029,0.0762519
Event 138716941,0.536905
Event 138717005,0.750522
Event 138717010,2.24063
Event 138717024,0.0455868
Event 138717039,3.09234
Event 138717043,2.77968
Event 138717054,3.13508
Event 138717015,1.98322
Event 138717000,-2.99434
Event 138717045,2.29485
Event 138717091,1.94335
Event 138716976,1.8954
Event 138717065,-3.12498
Event 138717079,2.02889
Event 138717046,-1.4164
Event 138717052,1.92292
Event 138717090,2.01473
Event 138717092,-3.05461
Event 138717075,1.18381
Event 138717053,-1.57705
Event 138717119,2.37804
Event 138717100,2.56045
Event 138717098,0.821147
Event 138717127,-2.17355
Event 138717021,2.27298
Event 138717125,-1.34394
Event 138717149,0.289315
Event 138717136,1.49451
Event 138717132,2.15712
Event 138717147,1.0939
Event 138717164,-2.75864
Event 138717165,2.57298
Event 138717102,1.48302
Event 138717153,1.57299
Event 138717121,0.926907
Event 138717167,1.66625
Event 138717176,2.84633
Event 138717192,0.4129
Event 138717138,-1.48379
Event 138717173,-1.2513
Event 138717081,1.45978
Event 138717170,2.59304
Event 138717204,-0.040866
Event 138717206,2.53194
Event 138717224,1.97898
Event 138717218,-0.325874
Event 138717213,-0.558838
Event 138717171,2.49907
Event 138717246,3.11099
Event 138717209,-2.16658
Event 138717256,-2.83379
Event 138717139,2.78972
Event 138717231,-0.358298
Event 138717235,-2.75535
Event 138717257,-0.51324
Event 138717271,1.53321
Event 138717267,0.303197
Event 138717289,-0.980426
Event 138717273,1.56784
Event 138717186,-1.16696
Event 138717239,2.03227
Event 138717282,-2.6091
Event 138717314,2.39118
Event 138717287,-3.10905
Event 138717300,2.43517
Event 138717291,0.489746
Event 138717311,-2.18552
Event 138717305,2.13648
Event 138717337,2.33846
Event 138717326,-2.60788
Event 138717319,-1.84098
Event 138717346,-2.86114
Event 138717315,2.32586
Event 138717352,2.24211
Event 138717328,0.786554
Event 138717361,-2.12524
Event 138717322,0.227172
Event 138717376,0.574123
Event 138717370,0.580292
Event 138717362,-1.42302
Event 138717378,1.37194
Event 138717251,3.09758
Event 138717364,-1.21862
Event 138717363,0.723191
Event 138717387,0.831007
Event 138717386,0.225534
Event 138717377,-1.88364
Event 138717423,1.7354
Event 138717321,0.536222
Event 138717428,-0.0048942
Event 138717349,-1.50715
Event 138717417,3.05121
Event 138717429,1.5342
Event 138717379,2.44969
Event 138717385,-2.66047
Event 138717440,2.72467
Event 138717427,0.0642415
Event 138717459,-2.76916
Event 138717461,1.99653
Event 138717441,-0.593275
Event 138717489,-1.17436
Event 138717399,3.01769
Event 138717469,-2.37808
Event 138717470,2.00092
Event 138717485,1.1528
Event 138717443,0.704107
Event 138717404,-2.16141
Event 138717491,0.219949
Event 138717495,-0.326011
Event 138717493,-3.09515
Event 138717477,2.88059
Event 138717471,-2.47488
Event 138717462,-2.55105
Event 138717516,1.18994
Event 138717518,2.44098
Event 138717468,2.4476
Event 138717514,0.385546
Event 138717508,-1.63715
Event 138717552,-1.72631
Event 138717549,2.28316
Event 138717554,-1.30481
Event 138717499,2.09668
Event 138717528,-1.62034
Event 138717573,-1.06708
Event 138717472,1.46861
Event 138717540,-3.02875
Event 138717581,1.42021
Event 138717563,3.05447
Event 138717589,-3.0461
Event 138717522,1.64448
Event 138717562,-1.99931
Event 138717592,0.258256
Event 138717577,0.717882
Event 138717597,2.66623
Event 138717598,-1.93763
Event 138717564,0.00406988
Event 138717553,0.273703
Event 138717624,2.8305
Event 138717622,0.687044
Event 138717576,2.41769
Event 138717611,2.36033
Event 138717629,-2.04784
Event 138717570,0.753419
Event 138717648,-0.716128
Event 138717636,-0.511748
Event 138717637,-1.07829
Event 138717595,1.4314
Event 138717606,0.787908
Event 138717678,-2.21451
Event 138717616,2.42635
Event 138717633,0.372035
Event 138717650,-0.0394184
Event 138717686,-1.48392
Event 138717681,-2.9836
Event 138717692,0.614399
Event 138717699,2.56109
Event 138717685,0.982073
Event 138717694,1.07661
Event 138717679,-0.430527
Event 138717704,0.496265
Event 138717706,-0.242112
Event 138717658,-0.255226
Event 138717697,0.436801
Event 138717734,2.90541
Event 138717733,2.01408
Event 138717682,-0.612313
Event 138717707,-0.853145
Event 138717721,2.71483
Event 138717741,2.26023
Event 138717726,0.553161
Event 138717752,-0.829425
Event 138717713,-1.25161
Event 138717761,-1.78966
Event 138717655,2.92668
Event 138717764,0.797143
Event 138717744,2.39235
Event 138717759,-0.763758
Event 138717778,-1.90061
Event 138717776,2.53273
Event 138717783,1.24326
Event 138717736,-3.0745
Event 138717798,-2.00932
Event 138717762,-0.403539
Event 138717775,2.63125
Event 138717745,-1.40039
Event 138717785,-1.53356
Event 138717800,-1.69362
Event 138717808,3.1049
Event 138717782,0.0489842
Event 138717793,2.03318
Event 138717804,2.808
Event 138717813,-2.681
Event 138717795,-2.58843
Event 138717823,-0.487711
Event 138717811,-2.58357
Event 138717781,0.404583
Event 138717827,0.121489
Event 138717830,-2.89481
Event 138717809,-2.53477
Event 138717856,2.07752
Event 138717853,1.11126
Event 138717844,-2.16026
Event 138717870,-1.87942
Event 138717843,-1.18866
Event 138717829,-2.44513
Event 138717877,0.0672723
Event 138717824,2.86333
Event 138717872,-2.0899
Event 138717875,2.0909
Event 138717851,1.87596
Event 138717897,-2.92721
Event 138717899,2.51794
Event 138717861,1.90603
Event 138717873,-1.29541
Event 138717912,-2.11556
Event 138717942,1.42519
Event 138717862,-0.329756
Event 138717910,1.11349
Event 138717927,0.00536431
Event 138717924,-0.811799
Event 138717940,-2.26276
Event 138717931,2.04201
Event 138717939,-1.04797
Event 138717921,-0.930616
Event 138717952,-2.48622
Event 138717943,-2.89377
Event 138717945,-0.666725
Event 138717975,-0.780245
Event 138717954,-1.9489
Event 138717988,1.64107
Event 138717976,2.52647
Event 138717960,2.37224
Event 138718010,-2.32006
Event 138717992,-2.76762
Event 138717968,0.511337
Event 138717937,1.30935
Event 138718027,1.53873
Event 138717983,-0.173406
Event 138718002,1.23774
Event 138717991,2.12469
Event 138718032,-1.24594
Event 138718039,-0.858122
Event 138718025,-0.616518
Event 138718037,-2.45321
Event 138718023,-2.15413
Event 138718021,1.73328
Event 138718003,-2.95222
Event 138718069,-2.11463
Event 138718059,-0.342274
Event 138718058,-2.07683
Event 138718077,1.29413
Event 138718035,-1.69879
Event 138718040,-0.155767
Event 138718088,2.15537
Event 138718061,-1.07743
Event 138718054,2.50261
Event 138718074,-1.67807
Event 138718089,3.01923
Event 138718045,-1.64454
Event 138718101,-0.832567
Event 138718114,-2.89523
Event 138718115,-0.557981
Event 138718117,-0.544456
Event 138718130,2.18834
Event 138718149,1.16568
Event 138718131,-1.99389
Event 138718134,2.38296
Event 138718094,-1.34048
Event 138718132,1.68469
Event 138718126,1.45081
Event 138718110,-0.000582922
Event 138718168,1.67022
Event 138718150,-3.10422
Event 138718178,0.493115
Event 138718176,-1.61937
Event 138718148,-2.2014
Event 138718195,0.204035
Event 138718139,-0.985066
Event 138718164,-2.70687
Event 138718143,-1.62863
Event 138718207,1.7179
Event 138718153,0.987662
Event 138718185,-2.07172
Event 138718172,0.983786
Event 138718205,0.461624
Event 138718155,0.264618
Event 138718175,1.7645
Event 138718202,2.44512
Event 138718193,1.44828
Event 138718213,0.305508
Event 138718214,-2.18584
Event 138718215,-2.89305
Event 138718196,1.22396
Event 138718210,3.1275
Event 138718220,1.74038
Event 144733148,-0.374069
Event 144733132,-1.0427
Event 144733134,2.21573
Event 144733165,-0.68189
Event 144733131,-0.931273
Event 144733175,0.440472
Event 144733145,0.933204
Event 144733139,-1.78804
Event 144733183,-2.57582
Event 144733142,0.986404
Event 144733198,-2.55174
Event 144733185,-2.55798
Event 144733194,-1.00562
Event 144733190,3.11473
Event 144733167,1.28929
Event 144733203,1.90249
Event 144733212,3.02808
Event 144733173,1.93653
Event 144733205,-1.35247
Event 144733230,1.40854
Event 144733219,-1.78405
Event 144733200,0.0415741
Event 144733224,0.220789
Event 144733223,-2.50529
Event 144733242,2.9425
Event 144733237,0.150793
Event 144733225,2.70776
Event 144733238,-3.13979
Event 144733226,1.07216
Event 144733275,2.16266
Event 144733240,-2.52347
Event 144733251,-0.780854
Event 144733179,3.01655
Event 144733280,-1.40006
Event 144733227,1.90976
Event 144733263,1.96929
Event 144733295,1.02564
Event 144733245,1.2715
Event 144733265,-0.730433
Event 144733244,2.32158
Event 144733305,0.000374235
Event 144733241,-2.99548
Event 144733326,1.30593
Event 144733309,-2.56135
Event 144733297,1.31675
Event 144733348,2.3437
Event 144733246,-3.066
Event 144733330,2.67882
Event 144733327,-1.3583
Event 144733358,3.03189
Event 144733359,1.77033
Event 144733296,-1.24015
Event 144733357,1.30738
Event 144733332,2.13287
Event 144733373,0.975587
Event 144733353,0.303671
Event 144733361,-2.32996
Event 144733354,2.66965
Event 144733346,1.70863
Event 144733387,-1.05702
Event 144733342,0.583158
Event 144733383,1.78397
Event 144733371,2.06425
Event 144733382,0.295096
Event 144733391,2.66465
Event 144733400,0.59102
Event 144733398,-2.90243
Event 144733386,2.01095
Event 144733393,1.67868
Event 144733406,-0.538217
Event 144733399,1.19671
Event 144733449,1.56653
Event 144733429,-0.553575
Event 144733395,-0.31864
Event 144733441,1.29428
Event 144733463,-1.65814
Event 144733419,-2.44549
Event 144733458,-1.68165
Event 144733446,-0.0723239
Event 144733431,-2.23619
Event 144733410,-3.04707
Event 144733459,-2.70445
Event 144733512,-2.54494
Event 144733533,0.99873
Event 144733499,2.90011
Event 144733444,-3.11597
Event 144733465,-0.605382
Event 144733516,-2.34798
Event 144733457,-2.1973
Event 144733471,1.44556
Event 144733538,-2.54307
Event 144733547,2.32969
Event 144733507,-1.29269
Event 144733540,-0.743043
Event 144733564,-0.815133
Event 144733550,0.140447
Event 144733534,-0.540426
Event 144733470,-2.54129
Event 144733522,-1.29386
Event 144733552,-0.670122
Event 144733556,-2.36331
Event 144733570,0.903727
Event 144733573,1.11277
Event 144733566,2.82958
Event 144733536,-1.46692
Event 144733565,-1.78547
Event 144733585,-0.137783
Event 144733579,1.20161
Event 144733596,2.36148
Event 144733617,-0.866763
Event 144733559,-1.57383
Event 144733578,-2.24609
Event 144733571,1.97393
Event 144733599,-2.51883
Event 144733618,-2.33052
Event 144733602,0.339218
Event 144733623,2.98689
Event 144733603,3.04701
Event 144733619,-2.62301
Event 144733626,1.09691
Event 144733647,-2.4411
Event 144733588,-2.97356
Event 144733629,1.86977
Event 144733633,0.268264
Event 144733636,0.66855
Event 144733649,1.28793
Event 144733657,-1.68253
Event 144733650,1.66111
Event 144733638,1.8883
Event 144733672,0.86266
Event 144733615,-2.1665
Event 144733669,0.973525
Event 144733671,1.4442
Event 144733670,-1.66421
Event 144733654,0.198044
Event 144733689,0.487482
Event 144733721,1.61643
Event 144733681,2.37426
Event 144733728,-0.665568
Event 144733696,1.79741
Event 144733738,2.66391
Event 144733624,-2.47022
Event 144733722,-2.97792
Event 144733673,1.38868
Event 144733732,-0.856988
Event 144733688,-1.48345
Event 144733740,2.93491
Event 144733748,0.517667
Event 144733755,0.330327
Event 144733777,0.0943422
Event 144733757,0.0355792
Event 144733708,0.329232
Event 144733800,1.93613
Event 144733762,2.98426
Event 144733790,-1.37111
Event 144733816,-1.21947
Event 144733760,2.45748
Event 144733814,2.1371
Event 144733794,-2.19216
Event 144733820,-2.10353
Event 144733822,-1.22906
Event 144733692,3.02932
Event 144733840,-2.48753
Event 144733818,2.42165
Event 144733833,1.05911
Event 144733826,-2.24088
Event 144733835,1.70213
Event 144733815,-1.95535
Event 144733867,2.07429
Event 144733878,-2.66354
Event 144733881,-0.694597
Event 144733884,-1.52391
Event 144733851,-2.74073
Event 144733827,-1.16366
Event 144733899,-0.0960276
Event 144733909,-1.54991
Event 144733883,-1.72029
Event 144733888,0.867543
Event 144733908,1.11907
Event 144733907,2.1128
Event 144733906,-3.09967
Event 144733936,-0.845956
Event 144733941,-0.365743
Event 144733918,-1.27122
Event 144733869,1.67173
Event 144733873,-1.71483
Event 144733972,0.864041
Event 144733955,0.404379
Event 144733990,-0.908364
Event 144733932,-1.56717
Event 144733996,2.34511
Event 144733920,-2.756
Event 144733913,2.06189
Event 144733994,-2.42194
Event 144734009,1.48151
Event 144734000,2.67391
Event 144733973,1.79071
Event 144733963,1.83908
Event 144734019,1.69806
Event 144734002,2.11051
Event 144734030,-0.30421
Event 144734036,-1.53077
Event 144734020,1.7754
Event 144734012,0.268016
Event 144734024,-1.47837
Event 144734013,-1.68184
Event 144734026,-1.72057
Event 144734037,1.68712
Event 144734057,-2.05333
Event 144733998,2.00199
Event 144734051,2.30404
Event 144734054,-0.110759
Event 144734059,1.46063
Event 144734084,-1.53822
Event 144734022,2.21686
Event 144734071,1.0712
Event 144734080,-2.68793
Event 144734063,0.0504303
Event 144734074,-1.41309
Event 144734108,-0.154863
Event 144734081,2.27803
Event 144734092,-2.45898
Event 144734119,2.51676
Event 144734048,3.13966
Event 144734109,2.1161
Event 144734075,2.93951
Event 144734099,0.736686
Event 144734136,-1.74864
Event 144734120,-1.28299
Event 144734123,-2.41509
Event 144734146,0.0283487
Event 144734135,-1.63248
Event 144734145,-2.84855
Event 144734143,1.83369
Event 144734144,-2.53433
Event 144734138,-0.637379
Event 144734173,-0.0810923
Event 144734152,-1.95355
Event 144734151,0.171517
Event 144734147,0.165362
Event 144734166,0.739454
Event 144734182,-2.55051
Event 144734126,-0.566456
Event 144734194,-2.59084
Event 144734202,-1.05203
Event 144734207,-1.63401
Event 144734142,2.31824
Event 144734189,1.50236
Event 144734208,1.76681
Event 144734171,-2.96184
Event 144734225,0.849615
Event 144734221,-0.332221
Event 144734079,1.02269
Event 144734218,-0.845486
Event 144734243,2.88294
Event 144734162,-2.75853
Event 144734235,-3.06617
Event 144734233,0.792672
Event 144734250,0.92782
Event 144734239,1.83041
Event 144734254,-1.91486
Event 144734228,-0.129182
Event 144734209,-2.14614
Event 144734226,3.0469
Event 144734285,0.499013
Event 144734270,1.50833
Event 144734261,0.729837
Event 144734257,-2.63805
Event 144734279,-1.03552
Event 144734265,-1.83314
Event 144734252,-2.18324
Event 144734302,-1.50213
Event 144734256,1.73429
Event 144734298,-2.03874
Event 144734319,-0.568967
Event 144734288,0.0272383
Event 144734326,2.51701
Event 144734295,-1.79203
Event 144734313,0.714773
Event 144734328,1.8905
Event 144734251,-0.142
Event 144734347,-1.59096
Event 144734332,2.6209
Event 144734321,-0.151489
Event 144734330,-1.5479
Event 144734320,-1.9849
Event 144734354,-0.511572
Event 144734314,-2.20069
Event 144734348,1.13165
Event 144734351,-1.01736
Event 144734365,-0.604488
Event 144734345,-2.47266
Event 144734355,-1.17837
Event 144734359,-2.09853
Event 144734343,-2.66207
Event 144734385,1.29975
Event 144734420,0.923373
Event 144734380,-2.50571
Event 144734402,-0.389841
Event 144734403,-1.04495
Event 144734423,1.36609
Event 144734364,0.690287
Event 144734413,-2.03237
Event 144734390,2.48523
Event 144734399,2.46323
Event 144734439,-3.03824
Event 144734454,1.36107
Event 144734449,0.479452
Event 144734424,0.842943
Event 144734446,-1.01046
Event 144734456,2.6446
Event 144734474,1.66227
Event 144734476,1.56307
Event 144734478,-3.08366
Event 144734429,2.9894
Event 144734430,2.06918
Event 144734462,-1.73132
Event 144734493,0.181126
Event 144734461,2.09042
Event 144734500,-1.10002
Event 144734501,0.793342
Event 144734486,-1.66778
Event 144734508,-0.564248
Event 144734427,-1.46613
Event 144734506,3.04314
Event 144734481,1.17224
Event 144734492,1.7139
Event 144734505,-2.08206
Event 144734535,-2.83551
Event 144734499,1.91965
Event 144734541,-0.671553
Event 144734539,2.60053
Event 144734511,-0.831848
Event 144734529,0.465468
Event 144734466,2.15535
Event 144734564,0.18078
Event 144734571,-2.20674
Event 144734512,1.20636
Event 144734583,2.21762
Event 144734566,-2.48684
Event 144734592,1.76914
Event 144734573,2.27037
Event 144734578,-3.00027
Event 144734559,0.870053
Event 144734546,-2.62521
Event 144734549,0.701603
Event 144734579,1.78423
Event 144734627,-2.50499
Event 144734596,-0.808106
Event 144734601,2.68597
Event 144734616,0.133216
Event 144734636,-0.284573
Event 144734585,-0.404273
Event 144734612,1.56644
Event 144734615,-0.642175
Event 144734647,1.26618
Event 144734621,-0.00624038
Event 144734631,2.55154
Event 144734589,1.62107
Event 144734654,-2.27338
Event 144734673,-2.3595
Event 144734657,1.60949
Event 144734659,2.59762
Event 144734635,-1.20817
Event 144734705,2.83115
Event 144734667,-1.02118
Event 144734683,-0.973088
Event 144734686,1.99201
Event 144734620,3.10821
Event 144734723,2.96903
Event 144734724,1.77656
Event 144734695,-0.385699
Event 144734668,-2.37085
Event 144734766,1.82568
Event 144734765,1.33217
Event 144734764,2.37771
Event 144734709,2.57527
Event 144734719,1.87634
Event 144734788,1.72241
Event 144734800,2.60495
Event 144734799,1.2619
Event 144734646,0.574858
Event 144734809,3.06255
Event 144734834,-1.00459
Event 144734791,0.158216
Event 144734770,1.6627
Event 144734739,0.844925
Event 144734769,-2.05367
Event 144734842,-0.530813
Event 144734863,3.11819
Event 144734735,0.679132
Event 144734848,0.106206
Event 144734790,-2.93918
