Event 138712468,0.266724
Event 138712459,0.963547
Event 138712494,0.865188
Event 138712447,-0.745601
Event 138712514,-0.868566
Event 138712514,0.400108
Event 138712526,-0.468378
Event 138712483,0.0150048
Event 138712542,0.384963
Event 138712537,-0.178042
Event 138712467,-0.48718
Event 138712467,0.496839
Event 138712467,0.0119393
Event 138712541,0.922714
Event 138712484,-0.596756
Event 138712484,0.603726
Event 138712543,0.261718
Event 138712543,-0.00730104
Event 138712562,-0.494549
Event 138712562,-0.344263
Event 138712562,0.330666
Event 138712562,-0.489355
Event 138712510,-0.232274
Event 138712482,-0.843278
Event 138712482,0.894614
Event 138712561,0.733384
Event 138712561,-0.425377
Event 138712566,-0.22689
Event 138712566,0.17077
Event 138712580,-0.0842536
Event 138712580,-0.78353
Event 138712532,0.679582
Event 138712532,-0.493019
Event 138712594,0.0721807
Event 138712594,0.179738
Event 138712584,-0.460826
Event 138712602,0.779273
Event 138712602,0.0165558
Event 138712602,0.149488
Event 138712598,-0.119424
Event 138712556,0.687597
Event 138712556,-0.716651
Event 138712556,0.691688
Event 138712600,0.979226
Event 138712600,-0.0888605
Event 138712595,-0.371473
Event 138712595,0.465046
Event 138712563,-0.27721
Event 138712603,0.846712
Event 138712618,0.552574
Event 138712606,0.201774
Event 138712606,-0.115726
Event 138712625,0.0307795
Event 138712625,-0.117538
Event 138712615,0.560109
Event 138712615,0.193653
Event 138712607,-0.158285
Event 138712607,-0.116418
Event 138712577,-0.660127
Event 138712642,0.0932334
Event 138712652,-0.96736
Event 138712652,0.00765001
Event 138712650,-0.765712
Event 138712650,0.360413
Event 138712662,-0.659395
Event 138712662,0.389592
Event 138712662,-0.801798
Event 138712653,-0.133248
Event 138712656,0.26961
Event 138712656,-0.419762
Event 138712641,0.482777
Event 138712641,-0.893737
Event 138712622,0.0152871
Event 138712689,-0.37132
Event 138712672,-0.0155769
Event 138712648,-0.359553
Event 138712648,0.380883
Event 138712648,-0.0976056
Event 138712697,-0.435504
Event 138712705,-0.249318
Event 138712705,0.862837
Event 138712720,0.525371
Event 138712720,-0.627266
Event 138712694,0.548831
Event 138712685,0.0586623
Event 138712685,0.665275
Event 138712691,0.358109
Event 138712691,-0.697191
Event 138712691,-0.980309
Event 138712716,-0.078222
Event 138712716,0.707436
Event 138712760,-0.395203
Event 138712687,0.625069
Event 138712756,-0.34048
Event 138712756,0.796641
Event 138712756,-0.162745
Event 138712728,-0.0700881
Event 138712777,-0.358948
Event 138712770,0.241042
Event 138712770,-0.499699
Event 138712791,-0.311342
Event 138712791,0.138127
Event 138712731,-0.699382
Event 138712782,-0.247346
Event 138712782,-0.0550672
Event 138712778,0.558703
Event 138712778,-0.906602
Event 138712745,-0.362513
Event 138712764,-0.0846981
Event 138712764,0.897223
Event 138712751,-0.356936
Event 138712751,-0.371578
Event 138712772,0.60558
Event 138712826,-0.408896
Event 138712826,0.404105
Event 138712858,0.220439
Event 138712874,-0.820082
Event 138712844,-0.649689
Event 138712824,-0.105767
Event 138712845,0.875909
Event 138712845,-0.668149
Event 138712845,0.958874
Event 138712845,0.766598
Event 138712845,-0.144557
Event 138712845,0.365894
Event 138712885,0.823342
Event 138712885,-0.87729
Event 138712860,0.0674499
Event 138712860,-0.453121
Event 138712884,-0.837049
Event 138712884,0.897204
Event 138712884,-0.497814
Event 138712849,0.75342
Event 138712809,0.370904
Event 138712809,0.856971
Event 138712809,-0.349335
Event 138712855,-0.70088
Event 138712894,-0.875367
Event 138712929,0.577221
Event 138712905,0.83773
Event 138712908,0.357033
Event 138712928,-0.990622
Event 138712900,-0.987349
Event 138712931,0.515923
Event 138712901,-0.438955
Event 138712901,-0.354808
Event 138712901,-0.13003
Event 138712787,-0.393386
Event 138712787,0.379699
Event 138712945,-0.228037
Event 138712945,0.484954
Event 138712947,-0.881745
Event 138712947,0.215055
Event 138712947,0.427755
Event 138712947,0.940492
Event 138712947,-0.00900394
Event 138712947,-0.340553
Event 138712947,-0.261585
Event 138712932,0.214155
Event 138712946,0.0179711
Event 138712969,-0.0442388
Event 138712969,-0.194214
Event 138712969,-0.634409
Event 138712974,-0.524162
Event 138712984,-0.241801
Event 138712984,0.132446
Event 138712971,-0.301613
Event 138713006,0.0905899
Event 138713006,0.34683
Event 138712955,-0.463665
Event 138712955,-0.441649
Event 138712978,0.217713
Event 138713009,0.813483
Event 138712996,0.535397
Event 138712996,-0.184316
Event 138712996,-0.699351
Event 138713004,-0.166466
Event 138712896,0.39722
Event 138712893,-0.437565
Event 138712893,0.151541
Event 138712893,-0.919137
Event 138712893,-0.888581
Event 138712893,0.87278
Event 138713023,-0.110677
Event 138713023,0.673066
Event 138713023,-0.675143
Event 138712973,-0.922307
Event 138713033,0.529685
Event 138712995,-0.815085
Event 138712995,0.925134
Event 138713014,0.356195
Event 138713038,0.639101
Event 138713038,-0.532661
Event 138713038,0.609621
Event 138713046,0.498361
Event 138713026,-0.839298
Event 138713028,-0.41587
Event 138713028,-0.201694
Event 138713016,-0.105034
Event 138713016,0.109783
Event 138713016,0.861544
Event 138713016,-0.16227
Event 138713051,-0.0292279
Event 138713051,-0.169151
Event 138713051,0.891029
Event 138713051,0.440672
Event 138713051,0.49318
Event 138713051,-0.104951
Event 138713055,0.486315
Event 138713055,-0.209895
Event 138713072,-0.451593
Event 138713072,-0.32988
Event 138713092,-0.629945
Event 138713063,-0.0196345
Event 138713086,0.15654
Event 138713086,0.845551
Event 138712990,-0.476012
Event 138713064,-0.317912
Event 138713064,-0.0296512
Event 138713115,-0.188508
Event 138713077,0.150081
Event 138713077,0.743602
Event 138713077,0.395342
Event 138713123,0.612115
Event 138713139,-0.102577
Event 138713125,-0.372764
Event 138713087,0.789323
Event 138713087,0.87823
Event 138713087,0.187594
Event 138713087,-0.0983938
Event 138713087,0.218475
Event 138713087,-0.380105
Event 138713089,0.397452
Event 138713089,-0.998621
Event 138713089,-0.113525
Event 138713089,0.144055
Event 138713143,0.331925
Event 138713156,0.424451
Event 138713168,-0.0537411
Event 138713117,-0.279561
Event 138713117,-0.404216
Event 138713117,0.856498
Event 138713119,-0.790725
Event 138713150,-0.0870744
Event 138713150,-0.0330585
Event 138713150,0.619168
Event 138713150,-0.467691
Event 138713183,-0.337215
Event 138713183,0.0595329
Event 138713200,-0.826292
Event 138713124,-0.834992
Event 138713124,-0.0542596
Event 138713124,0.299091
Event 138713124,0.892745
Event 138713186,-0.735038
Event 138713186,-0.643406
Event 138713186,-0.76512
Event 138713178,0.45701
Event 138713197,-0.204817
Event 138713179,0.529009
Event 138713179,-0.79332
Event 138713179,0.228134
Event 138713162,-0.973191
Event 138713162,0.730689
Event 138713212,-0.153048
Event 138713212,0.471406
Event 138713219,-0.756709
Event 138713219,0.926767
Event 138713219,-0.68209
Event 138713174,0.00824624
Event 138713207,-0.0990477
Event 138713207,-0.487693
Event 138713207,-0.332004
Event 138713208,-0.466586
Event 138713237,-0.571351
Event 138713237,0.831308
Event 138713237,-0.0419887
Event 138713222,0.46686
Event 138713242,-0.859224
Event 138713242,-0.162669
Event 138713255,0.364891
Event 138713255,-0.348522
Event 138713236,0.210909
Event 138713235,0.410101
Event 138713235,-0.853642
Event 138713235,0.184624
Event 138713240,-0.822941
Event 138713240,0.896354
Event 138713240,0.158585
Event 138713271,0.220401
Event 138713271,0.145856
Event 138713281,-0.302115
Event 138713258,0.660371
Event 138713258,-0.569761
Event 138713301,0.648678
Event 138713252,0.342496
Event 138713252,-0.677633
Event 138713305,0.098442
Event 138713303,0.543864
Event 138713309,-0.568418
Event 138713268,-0.675458
Event 138713268,-0.338644
Event 138713314,-0.82228
Event 138713314,-0.684942
Event 138713325,0.938633
Event 138713112,-0.87845
Event 138713112,0.545366
Event 138713324,-0.224975
Event 138713344,0.582131
Event 138713344,0.543736
Event 138713344,0.985046
Event 138713344,-0.204515
Event 138713327,0.0942533
Event 138713327,-0.891446
Event 138713327,0.92871
Event 138713352,-0.316664
Event 138713352,0.350419
Event 138713352,0.512217
Event 138713312,-0.821991
Event 138713312,0.932524
Event 138713312,0.183292
Event 138713312,0.490802
Event 138713312,-0.0896974
Event 138713304,-0.0465616
Event 138713304,0.643279
Event 138713304,-0.977721
Event 138713288,-0.755032
Event 138713375,-0.82586
Event 138713375,-0.538978
Event 138713384,0.635758
Event 138713384,-0.189685
Event 138713357,0.248513
Event 138713357,0.887763
Event 138713357,0.17109
Event 138713383,-0.393438
Event 138713389,0.179864
Event 138713393,-0.925654
Event 138713393,-0.445322
Event 138713393,0.243888
Event 138713409,-0.928402
Event 138713355,-0.396156
Event 138713405,-0.337786
Event 138713405,-0.336448
Event 138713407,-0.451135
Event 138713328,0.564052
Event 138713328,0.295771
Event 138713436,0.162641
Event 138713386,-0.121042
Event 138713386,0.139207
Event 138713425,-0.116096
Event 138713417,-0.0799024
Event 138713444,0.501021
Event 138713462,0.671545
Event 138713465,0.0833979
Event 138713465,-0.46837
Event 138713451,-0.981976
Event 138713451,-0.0396983
Event 138713408,0.125257
Event 138713469,-0.570128
Event 138713469,-0.349238
Event 138713453,0.437702
Event 138713453,-0.708978
Event 138713480,0.478103
Event 138713478,-0.450467
Event 138713434,0.699759
Event 138713494,-0.400944
Event 138713494,0.29009
Event 138713494,0.0456344
Event 138713494,0.669118
Event 138713500,-0.180471
Event 138713500,-0.364022
Event 138713500,0.283924
Event 138713486,-0.538346
Event 138713531,-0.866487
Event 138713534,-0.754291
Event 138713516,0.141949
Event 138713516,-0.401219
Event 138713516,0.123255
Event 138713446,-0.179581
Event 138713446,-0.551251
Event 138713446,-0.882901
Event 138713513,-0.863604
Event 138713513,-0.093528
Event 138713537,0.111159
Event 138713427,0.268922
Event 138713427,0.74963
Event 138713427,-0.117882
Event 138713544,0.928002
Event 138713544,0.101766
Event 138713544,0.223102
Event 138713551,0.851814
Event 138713551,0.669963
Event 138713496,-0.384601
Event 138713514,-0.684081
Event 138713569,-0.00519627
Event 138713532,0.773124
Event 138713567,-0.705791
Event 138713580,0.597728
Event 138713581,0.582873
Event 138713558,0.412304
Event 138713539,-0.296403
Event 138713539,-0.976702
Event 138713539,-0.0899302
Event 138713573,0.207374
Event 138713546,0.249991
Event 138713582,-0.221197
Event 138713582,-0.443773
Event 138713598,0.195943
Event 138713598,-0.102497
Event 138713605,0.970884
Event 138713590,0.770332
Event 138713590,0.0430893
Event 138713612,0.0368844
Event 138713612,-0.866665
Event 138713634,0.119024
Event 138713634,0.232183
Event 138713653,0.632308
Event 138713628,0.313992
Event 138713628,0.107529
Event 138713628,-0.357765
Event 138713610,-0.348859
Event 138713610,-0.10991
Event 138713604,-0.306419
Event 138713604,0.418467
Event 138713604,0.0511354
Event 138713658,0.0221485
Event 138713615,0.5679
Event 138713615,-0.513047
Event 138713664,-0.855132
Event 138713657,0.38801
Event 138713657,0.992844
Event 138713657,-0.18954
Event 138713657,-0.839277
Event 138713682,0.614868
Event 138713682,0.0789133
Event 138713713,-0.299329
Event 138713713,0.217935
Event 138713711,0.286189
Event 138713741,0.949432
Event 138713741,-0.813835
Event 138713741,0.46364
Event 138713693,0.688357
Event 138713693,0.160387
Event 138713693,0.330139
Event 138713693,-0.243254
Event 138713788,0.78734
Event 138713753,-0.207658
Event 138713732,0.852173
Event 138713775,0.982806
Event 138713737,-0.390248
Event 138713737,0.239008
Event 138713756,0.033048
Event 138713697,-0.99129
Event 138713697,-0.33151
Event 138713800,-0.886355
Event 138713800,-0.176459
Event 138713747,0.267076
Event 138713759,-0.760937
Event 138713816,-0.247966
Event 138713826,0.557349
Event 138713826,-0.808689
Event 138713826,0.0452477
Event 138713826,-0.926274
Event 138713843,-0.546787
Event 138713843,-0.806556
Event 138713811,0.0702402
Event 138713811,-0.659267
Event 138713811,0.420092
Event 138713782,0.210211
Event 138713782,0.836808
Event 138713760,0.26014
Event 138713852,-0.911546
Event 138713852,0.843499
Event 138713855,0.149287
Event 138713870,0.0793057
Event 138713870,0.240087
Event 138713870,0.683
Event 138713862,0.600447
Event 138713872,-0.209082
Event 138713872,-0.161977
Event 138713889,-0.750116
Event 138713859,-0.0894667
Event 138713832,0.682311
Event 138713832,0.374147
Event 138713837,-0.186422
Event 138713837,-0.246848
Event 138713888,0.650921
Event 138713888,0.0897757
Event 138713873,0.978767
Event 138713873,0.887806
Event 138713874,-0.194027
Event 138713901,0.933292
Event 138713901,0.651046
Event 138713901,-0.204533
Event 138713901,-0.408695
Event 138713729,-0.35104
Event 138713729,0.240878
Event 138713729,0.731901
Event 138713729,-0.959779
Event 138713909,-0.86603
Event 138713903,-0.0426111
Event 138713912,-0.0618949
Event 138713912,-0.647864
Event 138713880,-0.316147
Event 138713880,-0.241648
Event 138713880,-0.398042
Event 138713880,0.148017
Event 138713880,-0.350811
Event 138713896,-0.75574
Event 138713896,-0.295265
Event 138713914,-0.402192
Event 138713914,0.140153
Event 138713914,0.843476
Event 138713914,0.937899
Event 138713928,-0.0373302
Event 138713928,-0.493543
Event 138713928,-0.267685
Event 138713928,-0.182933
Event 138713918,0.625909
Event 138713918,0.82426
Event 138713931,0.652404
Event 138713934,0.853841
Event 138713934,0.242172
Event 138713934,0.629181
Event 138713934,-0.896658
Event 138713879,-0.130599
Event 138713879,-0.215692
Event 138713966,-0.673161
Event 138713966,0.192304
Event 138713968,-0.815511
Event 138713968,-0.660975
Event 138713973,-0.961463
Event 138713940,-0.905082
Event 138713963,0.211644
Event 138713963,-0.0318039
Event 138713963,0.976475
Event 138713829,0.037796
Event 138713829,-0.242586
Event 138713829,0.994255
Event 138713829,-0.601104
Event 138713829,0.343758
Event 138713916,-0.886923
Event 138713916,0.776683
Event 138713916,-0.0265914
Event 138713982,-0.232137
Event 138713992,-0.739779
Event 138714045,0.0233504
Event 138714022,0.220164
Event 138714001,-0.462783
Event 138714001,0.233135
Event 138713986,-0.478728
Event 138714027,-0.260131
Event 138714027,-0.469433
Event 138714035,-0.907427
Event 138714072,0.461923
Event 138714018,0.637083
Event 138714068,-0.578912
Event 138714068,0.0526805
Event 138714070,-0.315357
Event 138713972,-0.643319
Event 138714084,-0.34252
Event 138714084,0.682702
Event 138714053,-0.494111
Event 138714083,-0.232013
Event 138714111,0.350807
Event 138713993,-0.634087
Event 138713993,-0.0690401
Event 138714058,-0.761241
Event 138714058,-0.151076
Event 138714058,-0.983647
Event 138714085,0.329125
Event 138714110,0.769504
Event 138714110,0.709851
Event 138714076,0.315774
Event 138714124,0.744646
Event 138714120,-0.265294
Event 138714026,0.225849
Event 138714026,-0.725967
Event 138714145,-0.785193
Event 138714145,0.341028
Event 138714145,0.340956
Event 138714145,0.854623
Event 138714138,0.729924
Event 138714136,0.34493
Event 138714136,0.590359
Event 138714152,0.364023
Event 138714155,-0.89392
Event 138714144,-0.0886503
Event 138714153,0.209788
Event 138714153,-0.411755
Event 138714199,0.152134
Event 138714199,-0.25939
Event 138714162,-0.412545
Event 138714162,0.141512
Event 138714162,0.142118
Event 138714128,-0.27917
Event 138714128,0.970194
Event 138714151,0.894128
Event 138714151,0.164999
Event 138714234,0.0116297
Event 138714234,0.27972
Event 138714195,-0.0398264
Event 138714195,0.541649
Event 138714195,-0.699055
Event 138714195,0.693396
Event 138714227,0.664239
Event 138714206,-0.989188
Event 138714206,0.312477
Event 138714263,-0.63929
Event 138714263,0.487939
Event 138714239,0.0692882
Event 138714273,-0.565714
Event 138714253,0.671445
Event 138714253,-0.833082
Event 138714333,0.333357
Event 138714333,0.570357
Event 138714259,0.280883
Event 138714259,-0.75565
Event 138714259,0.695157
Event 138714246,0.370815
Event 138714246,0.692124
Event 138714246,0.872859
Event 138714320,-0.0839479
Event 138714292,0.10205
Event 138714344,-0.936058
Event 138714344,0.0460224
Event 138714313,-0.311018
Event 138714313,-0.629276
Event 138714341,0.523154
Event 138714312,-0.619465
Event 138714357,-0.774157
Event 138714340,0.0763848
Event 138714340,-0.486158
Event 138714340,0.183692
Event 138714343,0.867573
Event 138714343,-0.990514
Event 138714343,-0.018364
Event 138714343,0.100364
Event 138714343,-0.205182
Event 138714343,-0.860778
Event 138714311,0.380457
Event 138714311,0.727675
Event 138714311,0.146589
Event 138714390,0.169733
Event 138714388,0.464752
Event 138714388,0.448866
Event 138714388,0.202641
Event 138714362,-0.594043
Event 138714395,-0.056331
Event 138714395,-0.452664
Event 138714395,-0.735381
Event 138714403,-0.332181
Event 138714392,-0.818798
Event 138714414,0.643642
Event 138714380,-0.127518
Event 138714404,0.100952
Event 138714444,0.185088
Event 138714427,-0.786894
Event 138714427,-0.120331
Event 138714425,0.688251
Event 138714425,-0.469985
Event 138714391,0.110357
Event 138714430,-0.994352
Event 138714430,-0.594622
Event 138714430,-0.950342
Event 138714430,-1.02713
Event 138714443,0.711682
Event 138714481,0.499927
Event 138714456,0.100481
Event 138714456,0.719213
Event 138714456,0.907735
Event 138714456,0.166764
Event 138714473,0.0249815
Event 138714473,0.720382
Event 138714400,-0.099457
Event 138714400,0.529479
Event 138714400,0.870034
Event 138714441,0.479028
Event 138714477,0.00437757
Event 138714466,-0.482801
Event 138714466,0.673549
Event 138714508,0.824197
Event 138714508,-0.755198
Event 138714356,0.857182
Event 138714505,0.0127722
Event 138714421,0.072677
Event 138714421,-0.203348
Event 138714421,-0.721247
Event 138714539,0.385028
Event 138714521,-0.447182
Event 138714521,-0.714491
Event 138714521,-0.625104
Event 138714521,-0.216656
Event 138714528,0.862173
Event 138714528,0.23855
Event 138714528,-0.055117
Event 138714528,-0.431489
Event 138714498,0.894792
Event 138714498,-0.239971
Event 138714526,0.360178
Event 138714526,0.987088
Event 138714526,0.536215
Event 138714509,-0.197668
Event 138714509,0.550383
Event 138714489,-0.631864
Event 138714489,-0.579409
Event 138714518,0.766116
Event 138714518,0.519123
Event 138714565,-0.430526
Event 138714529,-0.71865
Event 138714540,-0.48297
Event 138714540,-0.319542
Event 138714531,0.456785
Event 138714584,0.261856
Event 138714555,0.999056
Event 138714558,-0.432334
Event 138714558,-0.108483
Event 138714585,0.799842
Event 138714585,0.777257
Event 138714576,-0.0228818
Event 138714610,-0.381488
Event 138714544,-0.0678603
Event 138714622,0.589825
Event 138714598,0.100732
Event 138714616,0.139052
Event 138714616,0.0466144
Event 138714593,0.934101
Event 138714615,0.693347
Event 138714615,0.263676
Event 138714615,-0.171112
Event 138714573,0.334972
Event 138714573,0.494633
Event 138714573,-0.807393
Event 138714618,-0.285136
Event 138714618,0.718052
Event 138714618,-0.716223
Event 138714631,-0.972403
Event 138714631,-0.0325416
Event 138714569,0.0115755
Event 138714680,0.099054
Event 138714644,0.385729
Event 138714667,-0.717459
Event 138714649,-0.84339
Event 138714649,-0.0946333
Event 138714649,-0.264459
Event 138714643,0.883049
Event 138714643,0.839664
Event 138714665,-0.508818
Event 138714665,-0.209652
Event 138714683,-0.473086
Event 138714706,-0.156048
Event 138714641,-0.672128
Event 138714693,-0.956341
Event 138714730,0.306368
Event 138714714,0.369288
Event 138714681,0.716349
Event 138714735,-0.792344
Event 138714735,-0.282536
Event 138714721,0.965963
Event 138714727,-0.246567
Event 138714727,0.352746
Event 138714720,0.873586
Event 138714742,0.321507
Event 138714737,-0.684376
Event 138714737,-0.547303
Event 138714736,0.72451
Event 138714736,-0.808026
Event 138714736,-0.137704
Event 138714736,-0.778119
Event 138714725,-0.590895
Event 138714725,0.557016
Event 138714725,-0.498179
Event 138714743,-0.456508
Event 138714701,0.31908
Event 138714748,0.443545
Event 138714748,-0.771515
Event 138714750,0.805138
Event 138714750,0.965108
Event 138714739,-0.806026
Event 138714739,0.388402
Event 138714770,-0.0768593
Event 138714768,-0.980932
Event 138714768,0.497391
Event 138714768,-0.313221
Event 138714768,-0.592326
Event 138714759,-0.234355
Event 138714759,0.0192128
Event 138714759,-0.347643
Event 138714752,-0.428463
Event 138714787,-0.33982
Event 138714787,-0.755303
Event 138714802,0.209698
Event 138714802,-0.0911074
Event 138714802,0.953784
Event 138714802,-0.537179
Event 138714757,-0.0447052
Event 138714757,-0.656658
Event 138714757,-0.696106
Event 138714757,0.18909
Event 138714793,0.570222
Event 138714824,-0.716617
Event 138714824,0.143885
Event 138714808,-0.379909
Event 138714808,-0.256022
Event 138714792,-0.308302
Event 138714792,0.100734
Event 138714792,0.273715
Event 138714814,0.90642
Event 138714819,0.703219
Event 138714822,0.317154
Event 138714822,-0.485822
Event 138714827,-0.539861
Event 138714815,0.365905
Event 138714815,0.0238715
Event 138714815,-0.789257
Event 138714812,-0.307452
Event 138714812,0.0899957
Event 138714812,0.78628
Event 138714826,-0.351737
Event 138714755,-0.974437
Event 138714755,0.8136
Event 138714755,-0.429983
Event 138714825,-0.919372
Event 138714825,-0.204794
Event 138714825,0.864125
Event 138714825,-0.892668
Event 138714825,0.695001
Event 138714831,0.431088
Event 138714831,0.179172
Event 138714845,-0.182279
Event 138714799,0.352446
Event 138714799,-0.333604
Event 138714799,0.00859722
Event 138714799,-0.18398
Event 138714844,0.427487
Event 138714844,0.0287829
Event 138714851,-0.977723
Event 138714857,-0.700418
Event 138714852,0.835803
Event 138714861,0.445041
Event 138714861,-0.187725
Event 138714873,-0.220791
Event 138714873,0.0216709
Event 138714850,0.807204
Event 138714850,0.234071
Event 138714894,-0.841759
Event 138714869,0.0185439
Event 138714869,-0.580118
Event 138714869,-0.79709
Event 138714869,0.325053
Event 138714882,-0.705135
Event 138714882,0.208863
Event 138714882,-0.681464
Event 138714887,0.780868
Event 138714908,-0.937877
Event 138714885,-0.463152
Event 138714867,0.793902
Event 138714867,-0.802768
Event 138714881,0.957621
Event 138714881,-0.131936
Event 138714881,0.921498
Event 138714881,0.0565953
Event 138714913,0.644498
Event 138714919,0.138135
Event 138714934,0.782056
Event 138714934,-0.4399
Event 138714937,-0.140221
Event 138714931,-0.386851
Event 138714933,0.0678323
Event 138714938,-0.219203
Event 138714963,0.762756
Event 138714963,-0.625834
Event 138714978,0.997032
Event 138714978,0.114531
Event 138715000,0.0425361
Event 138715000,0.837992
Event 138714966,-0.964846
Event 138714917,0.621781
Event 138714917,-0.759951
Event 138714917,-0.762052
Event 138714917,-0.507636
Event 138714992,0.168648
Event 138714992,0.911551
Event 138714990,0.40056
Event 138714990,0.0100544
Event 138714990,0.674704
Event 138714990,0.58868
Event 138715016,-0.195799
Event 138715006,0.278015
Event 138715006,-0.0810076
Event 138715004,0.729162
Event 138715004,0.243272
Event 138715001,-0.405803
Event 138715025,-0.736897
Event 138715025,0.757097
Event 138715025,0.880828
Event 138715020,0.101594
Event 138715020,-0.546149
Event 138715003,-0.155674
Event 138715003,-0.367053
Event 138714970,-0.401032
Event 138714970,0.197089
Event 138715007,-0.00963835
Event 138715007,-0.500515
Event 138715049,0.272809
Event 138715049,-0.924543
Event 138715058,0.282317
Event 138715026,-0.288024
Event 138715026,0.0248519
Event 138715060,0.926048
Event 138715052,-0.733073
Event 138715012,0.460249
Event 138715012,0.187019
Event 138715012,0.963779
Event 138715012,-0.543213
Event 138715035,0.426511
Event 138715035,0.166366
Event 138715035,-0.200051
Event 138715070,1.02383
Event 138715070,-0.926504
Event 138715070,-0.0325556
Event 138715062,-0.558678
Event 138715062,0.168854
Event 138715062,0.842927
Event 138715082,-0.450889
Event 138715082,-0.888358
Event 138715057,-0.803815
Event 138715057,-0.254629
Event 138715057,-0.0226804
Event 138715057,-0.355238
Event 138715048,0.600894
Event 138715048,-0.203305
Event 138715065,0.25284
Event 138715065,0.703475
Event 138715095,-0.183881
Event 138715095,-0.0310791
Event 138715073,0.311739
Event 138715068,0.39522
Event 138715094,0.956607
Event 138715094,0.279556
Event 138715102,0.272344
Event 138715102,0.738169
Event 138715102,-0.34842
Event 138715102,0.882735
Event 138715116,-0.659715
Event 138715116,0.599085
Event 138715112,0.380004
Event 138715053,-0.842097
Event 138715053,-0.834048
Event 138715053,-0.0850316
Event 138715053,0.809259
Event 138715053,-0.71776
Event 138715081,0.540014
Event 138715108,0.152914
Event 138715108,0.164559
Event 138715113,0.218938
Event 138715119,0.664754
Event 138715119,-0.642537
Event 138715083,-0.0921499
Event 138715146,-0.309128
Event 138715146,-0.668064
Event 138715143,0.363024
Event 138715143,-0.419809
Event 138715128,-0.275884
Event 138715130,0.488095
Event 138715130,-0.107224
Event 138715130,0.413655
Event 138715118,-0.877261
Event 138715118,0.87544
Event 138715118,-0.92127
Event 138715118,0.30571
Event 138715157,0.0054159
Event 138715151,0.645079
Event 138715132,0.843334
Event 138715132,-0.131949
Event 138715132,-0.967488
Event 138715139,-0.370939
Event 138715147,0.0994711
Event 138715147,0.0677719
Event 138715147,0.146581
Event 138715147,-0.27167
Event 138715175,-0.618113
Event 138715178,0.62393
Event 138715131,0.497469
Event 138715131,-0.709403
Event 138715131,-0.14905
Event 138715131,-0.885273
Event 138715150,0.138345
Event 138715150,0.812285
Event 138715197,0.286424
Event 138715160,0.448843
Event 138715160,-0.728687
Event 138715162,-0.509994
Event 138715162,-0.855375
Event 138715162,0.196562
Event 138715184,-0.764856
Event 138715212,0.195793
Event 138715212,-0.0539104
Event 138715212,0.38234
Event 138715212,-0.428808
Event 138715227,0.00335979
Event 138715235,-0.394132
Event 138715235,0.00225108
Event 138715235,-0.366257
Event 138715235,-0.720282
Event 138715223,-0.663469
Event 138715223,0.298887
Event 138715223,0.806256
Event 138715223,0.0718931
Event 138715223,0.79314
Event 138715213,0.982901
Event 138715213,0.559934
Event 138715248,-0.4498
Event 138715248,-0.687885
Event 138715248,0.146303
Event 138715233,0.89056
Event 138715233,-0.0108199
Event 138715249,0.829479
Event 138715239,-0.636134
Event 138715239,0.881731
Event 138715215,-0.244448
Event 138715215,0.760048
Event 138715257,-0.175966
Event 138715257,0.559832
Event 138715260,0.497664
Event 138715269,-0.472986
Event 138715273,0.611126
Event 138715273,-0.124923
Event 138715273,0.369611
Event 138715273,0.490604
Event 138715266,0.818838
Event 138715266,-0.902002
Event 138715229,0.486642
Event 138715229,-0.49855
Event 138715229,-0.427323
Event 138715296,0.408662
Event 138715313,-0.42522
Event 138715313,0.703924
Event 138715313,0.656558
Event 138715313,0.624101
Event 138715286,-0.220659
Event 138715283,0.231526
Event 138715283,-0.48967
Event 138715303,-0.787175
Event 138715318,0.107871
Event 138715315,-0.0203977
Event 138715315,-0.428982
Event 138715315,0.396028
Event 138715315,-0.859648
Event 138715350,-0.752412
Event 138715350,-0.147668
Event 138715325,0.0292895
Event 138715325,0.611029
Event 138715332,-0.671226
Event 138715367,-0.666805
Event 138715367,-0.434208
Event 138715320,0.670551
Event 138715320,-0.254179
Event 138715320,0.175736
Event 138715320,-0.859025
Event 138715320,-0.205414
Event 138715320,-0.784547
Event 138715382,-0.104701
Event 138715382,-0.350054
Event 138715382,0.373737
Event 138715382,-0.436332
Event 138715360,0.6756
Event 138715360,0.662029
Event 138715368,-0.147498
Event 138715388,0.0910766
Event 138715293,-0.53523
Event 138715293,-0.700963
Event 138715392,-0.629091
Event 138715429,0.915819
Event 138715429,0.0654671
Event 138715429,-0.67364
Event 138715419,-0.136094
Event 138715432,0.376345
Event 138715424,-0.328982
Event 138715424,0.280045
Event 138715387,0.252467
Event 138715387,-0.361934
Event 138715387,0.49041
Event 138715447,-0.803634
Event 138715447,0.478536
Event 138715447,-0.208459
Event 138715447,0.0113902
Event 138715335,0.847136
Event 138715335,-0.215617
Event 138715335,0.8169
Event 138715436,0.659414
Event 138715383,0.167235
Event 138715410,-0.370214
Event 138715430,0.408964
Event 138715439,0.987868
Event 138715439,-0.589846
Event 138715439,-0.218092
Event 138715452,-0.497078
Event 138715452,0.425614
Event 138715435,-0.78345
Event 138715435,0.389244
Event 138715431,-0.411985
Event 138715431,0.357966
Event 138715453,0.514042
Event 138715481,0.70721
Event 138715474,0.608693
Event 138715474,0.458677
Event 138715518,0.0564667
Event 138715518,-0.867221
Event 138715527,-0.713407
Event 138715527,0.0233974
Event 138715471,-0.417208
Event 138715471,-0.290829
Event 138715466,-0.731828
Event 138715466,-0.50781
Event 138715523,-0.379057
Event 138715523,0.160571
Event 138715544,0.81888
Event 138715544,-0.319432
Event 138715555,-0.26496
Event 138715535,-0.580859
Event 138715535,0.76188
Event 138715535,0.13656
Event 138715558,0.53962
Event 138715558,-0.990961
Event 138715458,-0.239909
Event 138715458,-0.26964
Event 138715556,-0.141353
Event 138715534,0.73534
Event 138715534,-0.513703
Event 138715563,-0.400967
Event 138715563,0.230569
Event 138715572,0.734762
Event 138715552,0.100339
Event 138715478,-0.438346
Event 138715478,-0.185221
Event 138715564,0.100289
Event 138715587,-0.491321
Event 138715606,0.0941942
Event 138715567,0.0612479
Event 138715567,-0.811796
Event 138715567,-0.428658
Event 138715585,0.492571
Event 138715585,0.507607
Event 138715585,0.233954
Event 138715603,-0.483865
Event 138715537,-0.942248
Event 138715600,-0.707725
Event 138715600,-0.117518
Event 138715626,-0.366158
Event 138715626,-0.205724
Event 138715618,0.242174
Event 138715618,-0.499416
Event 138715618,-0.210077
Event 138715618,-0.785872
Event 138715618,0.00409514
Event 138715618,-0.0731679
Event 138715602,-0.441217
Event 138715602,-0.293508
Event 138715631,0.78643
Event 138715631,-0.980246
Event 138715574,0.371621
Event 138715574,-0.790425
Event 138715574,0.463611
Event 138715574,-0.271139
Event 138715622,0.70736
Event 138715635,0.492723
Event 138715638,0.81591
Event 138715637,0.817235
Event 138715613,-0.202967
Event 138715613,-0.832714
Event 138715641,0.195528
Event 138715641,0.720677
Event 138715645,-0.199647
Event 138715645,0.381469
Event 138715647,-0.237452
Event 138715647,-0.862163
Event 138715657,-0.387857
Event 138715665,0.596288
Event 138715648,0.910038
Event 138715648,-0.200265
Event 138715653,-0.636131
Event 138715667,-0.35246
Event 138715667,0.306607
Event 138715677,-0.547307
Event 138715677,-0.220698
Event 138715646,0.681457
Event 138715646,0.350555
Event 138715646,0.00877607
Event 138715646,-0.146139
Event 138715699,0.0958116
Event 138715699,-0.938743
Event 138715674,-0.545659
Event 138715708,0.686387
Event 138715708,0.811282
Event 138715708,0.766945
Event 138715706,0.095907
Event 138715721,-0.260728
Event 138715724,0.0586255
Event 138715724,0.0478996
Event 138715711,-0.0223813
Event 138715723,-0.795492
Event 138715723,0.119395
Event 138715723,-0.204139
Event 138715752,-0.102401
Event 138715726,0.787096
Event 138715739,0.358659
Event 138715739,-0.725555
Event 138715739,-0.133562
Event 138715739,0.166351
Event 138715740,0.463471
Event 138715740,0.39812
Event 138715740,-0.632807
Event 138715740,1.04498
Event 138715744,0.843287
Event 138715744,-0.104268
Event 138715762,0.165932
Event 138715762,-0.751834
Event 138715762,0.720583
Event 138715712,-0.652566
Event 138715747,-0.902601
Event 138715747,-0.855886
Event 138715760,-0.990842
Event 138715732,-0.0298406
Event 138715732,0.0152838
Event 138715732,0.727
Event 138715732,-0.0215
Event 138715777,-0.23444
Event 138715777,0.249031
Event 138715755,0.889699
Event 138715759,0.0112931
Event 138715810,0.0849961
Event 138715810,-0.659974
Event 138715827,-0.0795014
Event 138715794,-0.494967
Event 138715811,0.688424
Event 138715809,0.433278
Event 138715809,0.0840782
Event 138715809,0.55558
Event 138715824,-0.297189
Event 138715796,0.0127826
Event 138715859,-0.195003
Event 138715826,0.520776
Event 138715826,-0.885141
Event 138715867,0.35207
Event 138715864,0.543381
Event 138715773,0.0146466
Event 138715773,-0.41961
Event 138715773,0.450909
Event 138715773,0.834183
Event 138715788,-0.983729
Event 138715788,-0.693491
Event 138715873,0.4491
Event 138715873,-0.103548
Event 138715869,-0.389779
Event 138715858,-0.209472
Event 138715782,0.0121755
Event 138715782,0.668744
Event 138715863,-0.695339
Event 138715886,-0.537401
Event 138715878,-0.243001
Event 138715903,0.676812
Event 138715910,-0.693541
Event 138715910,0.723331
Event 138715910,-0.620343
Event 138715910,0.220992
Event 138715895,0.746471
Event 138715895,0.767911
Event 138715904,-0.884505
Event 138715920,-0.0263299
Event 138715920,-0.809029
Event 138715818,-0.206272
Event 138715888,0.426119
Event 138715888,0.36156
Event 138715888,-0.906626
Event 138715881,0.860626
Event 138715923,0.112875
Event 138715923,0.885021
Event 138715923,0.1825
Event 138715947,-0.468757
Event 138715947,0.362791
Event 138715947,-0.203242
Event 138715909,-0.344557
Event 138715909,0.00139298
Event 138715909,0.994847
Event 138715909,0.741326
Event 138715906,-0.188016
Event 138715906,0.369988
Event 138715906,0.359055
Event 138715958,-0.0277757
Event 138715932,0.188596
Event 138715932,0.0481507
Event 138715928,-0.219388
Event 138715959,-0.591449
Event 138715921,0.802103
Event 138715921,-0.434182
Event 138715921,0.198364
Event 138715963,0.647312
Event 138715980,-0.911053
Event 138715980,-0.400695
Event 138715938,-0.391514
Event 138715993,-0.148938
Event 138715943,0.843907
Event 138715943,0.921818
Event 138716010,-0.98287
Event 138716010,-0.165132
Event 138715914,0.372611
Event 138715914,0.0915563
Event 138715914,-0.327819
Event 138715914,-0.561005
Event 138715939,0.557937
Event 138716016,0.777059
Event 138715979,-0.445446
Event 138716006,-0.708601
Event 138716006,-0.499071
Event 138716007,-0.468715
Event 138716007,-0.415904
Event 138716048,0.934642
Event 138716072,0.442075
Event 138716038,0.103741
Event 138716063,0.0455757
Event 138716063,0.0280343
Event 138716049,0.275473
Event 138716049,0.419852
Event 138716049,-0.178181
Event 138716076,0.301931
Event 138716076,-0.233847
Event 138716076,-0.652254
Event 138716071,-0.72843
Event 138716071,-0.839031
Event 138716071,-0.476039
Event 138715949,0.132558
Event 138715949,-0.912694
Event 138715949,-0.604477
Event 138715949,-0.818513
Event 138716094,-0.122085
Event 138716088,-0.609253
Event 138716088,0.0329119
Event 138715967,-0.158799
Event 138715967,0.817471
Event 138716091,0.75894
Event 138716066,0.821028
Event 138716066,-0.991888
Event 138716066,-0.385932
Event 138716089,-0.572839
Event 138716089,-0.934317
Event 138716115,0.238744
Event 138716123,0.63751
Event 138716090,0.324846
Event 138716129,-0.223262
Event 138716130,-0.423645
Event 138716130,-0.676051
Event 138716103,0.187701
Event 138716118,0.921138
Event 138716118,-0.112112
Event 138716118,-0.949874
Event 138716121,0.267787
Event 138716121,0.617057
Event 138716121,-0.862972
Event 138716114,0.410094
Event 138716142,-0.353704
Event 138716142,0.619696
Event 138716112,0.264926
Event 138716163,0.21145
Event 138716156,0.330586
Event 138716124,-0.108167
Event 138716124,-0.106285
Event 138716167,0.117217
Event 138716167,0.524256
Event 138716167,0.348001
Event 138716167,0.599673
Event 138716213,-0.377349
Event 138716187,0.825953
Event 138716187,0.25201
Event 138716187,-0.654912
Event 138716187,-0.47039
Event 138716187,0.601389
Event 138716192,0.485849
Event 138716215,0.693002
Event 138716220,0.421625
Event 138716206,0.366874
Event 138716132,-0.761801
Event 138716132,-0.0621747
Event 138716200,0.841974
Event 138716200,0.984506
Event 138716200,0.247611
Event 138716186,0.0300909
Event 138716186,0.129709
Event 138716186,0.268695
Event 138716186,0.571561
Event 138716186,0.485821
Event 138716186,-0.334524
Event 138716186,0.485149
Event 138716186,0.851648
Event 138716254,0.442979
Event 138716172,-0.572532
Event 138716172,0.955128
Event 138716172,-0.0708807
Event 138716172,-0.589477
Event 138716172,-0.650608
Event 138716257,-0.0641454
Event 138716257,0.0268198
Event 138716221,-0.818241
Event 138716221,-0.893771
Event 138716251,-0.696032
Event 138716251,0.121025
Event 138716232,0.00995543
Event 138716253,0.152955
Event 138716253,-0.701099
Event 138716256,-0.115765
Event 138716256,0.866855
Event 138716208,-0.963012
Event 138716208,0.41609
Event 138716208,0.690631
Event 138716252,0.198949
Event 138716252,0.8408
Event 138716252,-0.595886
Event 138716252,0.431046
Event 138716259,0.235932
Event 138716270,-0.790045
Event 138716270,-0.945713
Event 138716270,0.944636
Event 138716286,-0.877829
Event 138716276,0.905035
Event 138716272,0.46961
Event 138716287,-0.132868
Event 138716287,-0.843676
Event 138716287,-0.920678
Event 138716287,-0.113262
Event 138716228,-0.985762
Event 138716303,0.485719
Event 138716303,0.385069
Event 138716260,0.124838
Event 138716267,0.00746004
Event 138716267,0.865826
Event 138716302,-0.0745435
Event 138716302,-0.697879
Event 138716302,-0.0997894
Event 138716302,-0.343811
Event 138716285,-0.864171
Event 138716307,0.514885
Event 138716319,0.467589
Event 138716313,0.391564
Event 138716313,0.551963
Event 138716313,-0.257506
Event 138716318,0.966474
Event 138716288,-0.981894
Event 138716288,0.583125
Event 138716288,-0.245848
Event 138716275,0.176759
Event 138716275,-0.0585873
Event 138716275,-0.855791
Event 138716275,0.373517
Event 138716275,-0.158069
Event 138716340,-0.957615
Event 138716340,-0.0110422
Event 138716340,-0.029114
Event 138716362,0.577834
Event 138716328,-0.220541
Event 138716328,-0.341276
Event 138716352,-0.616337
Event 138716352,0.881345
Event 138716388,0.676527
Event 138716327,-0.610424
Event 138716327,0.16763
Event 138716327,-0.10794
Event 138716365,-0.241801
Event 138716323,-0.168374
Event 138716323,0.453103
Event 138716323,-0.490832
Event 138716323,0.524126
Event 138716375,0.129748
Event 138716375,0.720864
Event 138716375,0.739469
Event 138716375,-0.247333
Event 138716381,0.442224
Event 138716381,0.846547
Event 138716381,0.0492935
Event 138716381,0.888214
Event 138716381,0.597241
Event 138716398,0.881929
Event 138716398,-0.00155448
Event 138716347,0.856362
Event 138716389,-0.0559905
Event 138716389,0.738114
Event 138716389,-0.0616416
Event 138716389,-0.381091
Event 138716431,-0.613518
Event 138716397,0.44895
Event 138716397,0.787161
Event 138716390,0.386319
Event 138716390,0.440152
Event 138716390,-0.480197
Event 138716390,0.87691
Event 138716378,0.392944
Event 138716378,-0.479109
Event 138716378,0.46579
Event 138716413,0.737453
Event 138716413,-0.659373
Event 138716413,-0.21741
Event 138716440,-0.695711
Event 138716449,0.379748
Event 138716377,-0.623373
Event 138716454,0.366005
Event 138716447,-0.554091
Event 138716447,-0.86264
Event 138716469,0.878961
Event 138716469,-0.684489
Event 138716452,0.462709
Event 138716492,0.396433
Event 138716492,0.0989952
Event 138716441,-0.485399
Event 138716495,-0.474102
Event 138716495,0.570437
Event 138716493,0.374728
Event 138716490,0.999863
Event 138716494,-0.830514
Event 138716494,-0.546705
Event 138716395,-0.461542
Event 138716395,-0.0475349
Event 138716456,0.16702
Event 138716456,-0.050484
Event 138716488,0.0393642
Event 138716488,0.442737
Event 138716479,0.899515
Event 138716479,0.346797
Event 138716479,-0.85587
Event 138716496,0.0626052
Event 138716496,-0.0909099
Event 138716524,-0.0986089
Event 138716498,-0.428689
Event 138716498,0.580532
Event 138716508,-0.299722
Event 138716508,0.244243
Event 138716445,0.565898
Event 138716445,0.00795618
Event 138716445,0.162371
Event 138716445,0.102481
Event 138716445,0.152679
Event 138716562,-0.957368
Event 138716562,0.0160189
Event 138716543,0.750441
Event 138716543,-0.159772
Event 138716533,0.36126
Event 138716560,0.391541
Event 138716560,0.11829
Event 138716545,0.416804
Event 138716545,0.907056
Event 138716545,0.534096
Event 138716545,-0.785037
Event 138716576,0.223525
Event 138716576,-0.117284
Event 138716576,0.377302
Event 138716576,-0.0155515
Event 138716585,0.179638
Event 138716583,-0.409211
Event 138716606,-0.363684
Event 138716606,0.951206
Event 138716602,-0.884092
Event 138716602,-0.198385
Event 138716602,0.837678
Event 138716602,-0.0303402
Event 138716536,0.268546
Event 138716536,0.431846
Event 138716536,0.662498
Event 138716624,0.869745
Event 138716598,0.708151
Event 138716598,0.119285
Event 138716598,-0.592059
Event 138716600,0.657934
Event 138716600,-0.140731
Event 138716547,0.373277
Event 138716638,-0.949526
Event 138716669,-0.739624
Event 138716669,0.76327
Event 138716670,0.266838
Event 138716670,0.094312
Event 138716661,-0.0913794
Event 138716677,0.343117
Event 138716677,0.952489
Event 138716677,-0.386172
Event 138716671,-0.200952
Event 138716672,-0.233626
Event 138716672,0.955144
Event 138716672,0.389006
Event 138716682,-0.248623
Event 138716682,-0.439033
Event 138716682,0.66625
Event 138716650,-0.0127823
Event 138716680,0.485669
Event 138716697,-0.163037
Event 138716697,-0.511141
Event 138716697,0.752756
Event 138716697,0.242824
Event 138716692,0.860668
Event 138716710,0.388149
Event 138716710,-0.287211
Event 138716681,-0.0315432
Event 138716681,0.673293
Event 138716737,0.455455
Event 138716737,-0.263294
Event 138716737,0.00104083
Event 138716627,-0.701347
Event 138716627,-0.911164
Event 138716730,-0.85211
Event 138716718,0.356611
Event 138716723,-0.598468
Event 138716723,0.883687
Event 138716758,0.866577
Event 138716758,0.344724
Event 138716748,0.557402
Event 138716760,-0.208502
Event 138716751,-0.785174
Event 138716751,-0.476356
Event 138716751,-0.181407
Event 138716769,-0.072337
Event 138716769,0.00828394
Event 138716769,0.585695
Event 138716786,-0.692726
Event 138716762,-0.254472
Event 138716762,-0.705204
Event 138716803,-0.387519
Event 138716787,0.237652
Event 138716787,0.672465
Event 138716787,-0.00989485
Event 138716787,-0.937996
Event 138716807,-0.415953
Event 138716807,-0.767002
Event 138716791,0.854116
Event 138716789,0.963032
Event 138716789,0.160455
Event 138716789,0.348047
Event 138716776,0.38911
Event 138716776,0.176101
Event 138716776,0.944204
Event 138716795,0.496586
Event 138716795,0.517909
Event 138716795,-0.895282
Event 138716795,-0.373313
Event 138716818,0.0576516
Event 138716818,0.322832
Event 138716818,0.837609
Event 138716818,-0.143165
Event 138716827,-0.485679
Event 138716701,0.198116
Event 138716826,-0.205097
Event 138716826,0.957628
Event 138716845,0.217806
Event 138716815,0.430026
Event 138716815,0.140335
Event 138716839,-0.412674
Event 138716839,-0.0879243
Event 138716839,-0.525368
Event 138716839,0.482915
Event 138716839,0.843616
Event 138716820,0.460938
Event 138716852,-0.0202608
Event 138716863,0.889165
Event 138716874,0.351441
Event 138716874,0.614515
Event 138716874,-0.103223
Event 138716856,0.767524
Event 138716872,0.395094
Event 138716880,-0.841479
Event 138716870,-0.991781
Event 138716870,-0.000973919
Event 138716836,-0.257128
Event 138716836,0.472748
Event 138716836,-0.154066
Event 138716836,-0.237327
Event 138716909,-0.150932
Event 138716909,-0.909043
Event 138716867,-0.452905
Event 138716908,-0.260302
Event 138716908,0.667889
Event 138716908,0.790151
Event 138716882,-0.370371
Event 138716882,0.358699
Event 138716882,0.228502
Event 138716897,0.926077
Event 138716849,-0.49544
Event 138716849,-0.911424
Event 138716876,0.336541
Event 138716876,0.552286
Event 138716889,-0.598846
Event 138716940,0.744061
Event 138716910,-0.258326
Event 138716932,-0.687705
Event 138716887,-0.462417
Event 138716887,0.90105
Event 138716917,0.491397
Event 138716917,0.237078
Event 138716945,-0.820139
Event 138716945,-0.218695
Event 138716945,0.872603
Event 138716915,0.980401
Event 138716915,0.546309
Event 138716942,-0.716068
Event 138716956,0.379194
Event 138716956,0.169239
Event 138716956,-0.374741
Event 138716956,-0.838231
Event 138716943,0.361401
Event 138716943,0.340026
Event 138716943,0.00894481
Event 138716943,-0.978863
Event 138716981,-0.0244934
Event 138716998,-0.255308
Event 138716998,-0.759788
Event 138716974,0.49798
Event 138716996,-0.116324
Event 138716966,-0.116734
Event 138716990,0.517109
Event 138716989,-1.01487
Event 138716989,0.956842
Event 138717011,0.269491
Event 138717029,0.424917
Event 138717029,0.404565
Event 138717029,0.737072
Event 138717029,-0.42891
Event 138716941,0.452577
Event 138717010,0.2974
Event 138717010,-0.681286
Event 138717024,0.154721
Event 138717024,-0.2845
Event 138717039,0.0356101
Event 138717039,0.853747
Event 138717043,0.0661283
Event 138717043,-0.421896
Event 138717054,-0.9466
Event 138717054,0.197393
Event 138717015,0.613785
Event 138717000,0.40688
Event 138717000,0.0853508
Event 138717045,-0.133957
Event 138717045,-0.0131834
Event 138717045,0.984814
Event 138717045,0.771307
Event 138716976,0.49467
Event 138716976,0.177697
Event 138716976,0.260778
Event 138717065,-0.238418
Event 138717065,-0.484137
Event 138717079,0.359656
Event 138717079,-0.91222
Event 138717046,0.927608
Event 138717046,0.522479
Event 138717052,-0.32901
Event 138717090,0.0312566
Event 138717090,0.618255
Event 138717090,-0.667755
Event 138717090,-0.776701
Event 138717092,-0.0748148
Event 138717092,-0.893474
Event 138717092,-0.312676
Event 138717092,0.346002
Event 138717075,0.0146423
Event 138717075,0.875715
Event 138717053,0.422864
Event 138717053,0.745987
Event 138717119,-0.155915
Event 138717119,0.846893
Event 138717100,-0.54514
Event 138717127,0.535757
Event 138717127,0.553198
Event 138717127,-0.439509
Event 138717127,-0.00376239
Event 138717127,-0.785987
Event 138717021,-0.819997
Event 138717021,0.246549
Event 138717125,-0.619614
Event 138717125,-0.129924
Event 138717149,0.0324513
Event 138717149,-0.367779
Event 138717149,-0.699289
Event 138717136,0.129218
Event 138717147,-0.631608
Event 138717165,0.163611
Event 138717102,0.0563427
Event 138717102,-0.361972
Event 138717153,0.733438
Event 138717153,0.443056
Event 138717121,0.93443
Event 138717121,-0.625078
Event 138717167,0.11404
Event 138717167,-0.350862
Event 138717176,-0.675087
Event 138717176,-0.566261
Event 138717176,-0.484789
Event 138717192,0.0272708
Event 138717138,0.177025
Event 138717173,-0.541118
Event 138717173,0.725107
Event 138717081,0.475337
Event 138717081,-0.0971386
Event 138717081,-0.165047
Event 138717170,0.809851
Event 138717170,-0.0528004
Event 138717206,0.899507
Event 138717206,0.346989
Event 138717224,0.425927
Event 138717224,0.199262
Event 138717218,0.925814
Event 138717171,-0.096499
Event 138717171,0.887324
Event 138717246,-0.918306
Event 138717256,-0.824992
Event 138717256,-0.772251
Event 138717256,0.494673
Event 138717139,0.895996
Event 138717231,0.176835
Event 138717235,0.6337
Event 138717235,0.168353
Event 138717235,-0.627961
Event 138717235,-0.159667
Event 138717257,0.226724
Event 138717271,-0.160915
Event 138717267,0.614011
Event 138717289,-0.105364
Event 138717273,-0.162599
Event 138717186,0.329578
Event 138717186,0.214072
Event 138717186,-0.209409
Event 138717186,0.851319
Event 138717282,0.30347
Event 138717282,0.183839
Event 138717287,-0.11825
Event 138717287,-0.689978
Event 138717300,-0.271263
Event 138717291,0.329019
Event 138717291,-0.558649
Event 138717291,-0.677503
Event 138717337,-0.912088
Event 138717346,-0.233292
Event 138717346,-0.121317
Event 138717352,0.583457
Event 138717328,-0.168847
Event 138717361,0.376593
Event 138717361,0.822669
Event 138717361,0.719572
Event 138717322,-0.163972
Event 138717322,0.723053
Event 138717362,-0.232234
Event 138717378,0.638974
Event 138717378,-0.268818
Event 138717378,0.889784
Event 138717363,0.227864
Event 138717377,0.986902
Event 138717321,-0.192683
Event 138717321,0.3041
Event 138717428,0.450209
Event 138717428,0.758517
Event 138717349,0.165098
Event 138717349,0.550467
Event 138717417,-0.862909
Event 138717417,0.423418
Event 138717417,0.148941
Event 138717429,-0.751277
Event 138717379,-0.895542
Event 138717379,0.389929
Event 138717385,0.679727
Event 138717385,-0.991475
Event 138717385,-0.0314846
Event 138717385,0.233184
Event 138717440,-0.187657
Event 138717440,0.466786
Event 138717440,-0.688602
Event 138717459,0.255399
Event 138717459,0.354208
Event 138717461,0.0278505
Event 138717461,-0.49541
Event 138717461,0.156661
Event 138717461,-0.0741016
Event 138717441,0.673504
Event 138717441,0.89915
Event 138717399,0.55952
Event 138717399,-0.153548
Event 138717469,-0.195519
Event 138717470,0.999867
Event 138717470,-0.855923
Event 138717485,0.41612
Event 138717485,-0.339828
Event 138717443,-0.702064
Event 138717443,-0.149046
Event 138717404,0.923711
Event 138717404,-0.604371
Event 138717491,-0.185504
Event 138717491,-0.205343
Event 138717495,0.677205
Event 138717495,0.147828
Event 138717495,0.346513
Event 138717493,-0.194974
Event 138717493,-0.493652
Event 138717493,-0.335238
Event 138717493,0.455197
Event 138717477,-0.587954
Event 138717477,0.436198
Event 138717462,0.849406
Event 138717516,-0.688021
Event 138717518,-0.533952
Event 138717468,-0.141942
Event 138717468,-0.639676
Event 138717468,0.65987
Event 138717468,0.0257789
Event 138717508,-0.5714
Event 138717508,-0.499626
Event 138717552,0.562867
Event 138717549,0.683178
Event 138717549,0.433023
Event 138717549,-0.788898
Event 138717554,-0.380376
Event 138717499,0.712873
Event 138717499,0.385989
Event 138717528,-0.462173
Event 138717528,-0.737881
Event 138717573,0.819014
Event 138717573,0.0887142
Event 138717472,-0.783076
Event 138717540,0.261974
Event 138717581,0.347751
Event 138717563,-0.167513
Event 138717589,-0.233396
Event 138717589,-0.570744
Event 138717589,0.980737
Event 138717522,-0.576137
Event 138717522,0.316491
Event 138717562,0.838739
Event 138717562,-0.929239
Event 138717577,0.0985099
Event 138717577,0.356138
Event 138717597,0.628392
Event 138717597,0.663556
Event 138717597,-0.316175
Event 138717597,0.795112
Event 138717597,-0.946668
Event 138717564,-0.30668
Event 138717564,-0.186
Event 138717624,-0.0461897
Event 138717624,-0.0770771
Event 138717624,0.320802
Event 138717622,-0.00895568
Event 138717622,0.716393
Event 138717576,0.0241838
Event 138717611,-0.675377
Event 138717611,-0.25483
Event 138717570,-0.595297
Event 138717648,0.917925
Event 138717637,0.166412
Event 138717595,0.814395
Event 138717606,0.90405
Event 138717606,-0.882832
Event 138717678,-0.456763
Event 138717678,0.662957
Event 138717678,-1.01582
Event 138717616,0.42859
Event 138717633,0.108797
Event 138717633,-0.844951
Event 138717650,-0.140783
Event 138717650,-0.135563
Event 138717686,-0.0175393
Event 138717681,-0.958398
Event 138717692,-0.214019
Event 138717692,-0.349905
Event 138717699,-0.13384
Event 138717699,-0.709185
Event 138717685,-0.652551
Event 138717704,0.0830593
Event 138717706,-0.0939982
Event 138717706,0.708449
Event 138717706,0.69636
Event 138717658,0.341951
Event 138717697,0.951408
Event 138717734,-0.32432
Event 138717734,0.421176
Event 138717734,0.00193723
Event 138717733,0.253289
Event 138717733,-0.342599
Event 138717733,-0.457711
Event 138717733,0.839452
Event 138717682,0.145099
Event 138717682,0.235713
Event 138717682,-0.0885776
Event 138717707,0.00536907
Event 138717741,-0.530213
Event 138717741,-0.786017
Event 138717752,0.472856
Event 138717713,0.423119
Event 138717761,0.386371
Event 138717761,0.954796
Event 138717655,-0.782089
Event 138717655,-0.922412
Event 138717655,0.935651
Event 138717655,0.532202
Event 138717764,0.4845
Event 138717744,0.199333
Event 138717744,-0.476109
Event 138717759,0.162651
Event 138717759,-0.694408
Event 138717759,0.330962
Event 138717759,-0.381461
Event 138717778,-0.685768
Event 138717778,0.142172
Event 138717776,0.554486
Event 138717776,-0.62993
Event 138717783,0.681765
Event 138717736,0.746533
Event 138717736,-0.501206
Event 138717736,0.728298
Event 138717736,-0.0935125
Event 138717798,-0.465077
Event 138717762,0.227354
Event 138717762,-0.445116
Event 138717762,-0.556619
Event 138717762,0.68537
Event 138717762,0.628709
Event 138717775,-0.0330046
Event 138717775,0.16861
Event 138717775,-0.67201
Event 138717745,-0.158289
Event 138717745,-0.281534
Event 138717785,-0.763435
Event 138717800,-0.0299153
Event 138717808,0.432419
Event 138717808,0.507115
Event 138717782,-0.491557
Event 138717782,-0.711287
Event 138717782,-0.508064
Event 138717782,0.0795719
Event 138717793,-0.261057
Event 138717793,-0.731007
Event 138717804,0.209574
Event 138717804,-0.46029
Event 138717795,-0.0709328
Event 138717795,0.108356
Event 138717795,-0.21369
Event 138717795,0.246017
Event 138717823,0.452778
Event 138717823,0.828581
Event 138717827,0.00962959
Event 138717830,-0.0135563
Event 138717809,-0.75868
Event 138717856,0.349669
Event 138717853,-0.387422
Event 138717853,-0.793146
Event 138717844,0.234639
Event 138717844,0.608984
Event 138717844,-0.639979
Event 138717870,-0.824364
Event 138717843,0.684697
Event 138717829,-0.141641
Event 138717877,-0.960427
Event 138717877,0.076196
Event 138717824,0.945599
Event 138717824,0.500443
Event 138717824,0.0812556
Event 138717872,0.494451
Event 138717872,0.816279
Event 138717872,0.51232
Event 138717872,-0.0989371
Event 138717872,0.193181
Event 138717897,-0.955899
Event 138717899,-0.185555
Event 138717899,0.38009
Event 138717899,0.955126
Event 138717861,0.0422511
Event 138717861,-0.982649
Event 138717873,-0.444651
Event 138717873,-0.683612
Event 138717912,-0.25913
Event 138717862,0.163591
Event 138717862,0.200527
Event 138717862,-0.409674
Event 138717924,-0.277619
Event 138717940,0.232243
Event 138717940,0.669441
Event 138717931,-0.73119
Event 138717939,0.919855
Event 138717921,0.856561
Event 138717921,-0.0975391
Event 138717952,-0.359163
Event 138717943,0.709287
Event 138717943,-0.834922
Event 138717954,0.45368
Event 138717954,-0.889254
Event 138717954,0.266526
Event 138717954,-0.667254
Event 138717960,-0.383565
Event 138717960,-0.247216
Event 138717960,-0.841493
Event 138717960,-0.999139
Event 138717968,0.247135
Event 138717937,-0.900715
Event 138717983,-0.402903
Event 138718002,0.493893
Event 138718002,0.219443
Event 138718002,-0.41023
Event 138718023,0.0316854
Event 138718021,0.229677
Event 138718021,-0.44823
Event 138718003,-0.221848
Event 138718003,-0.207674
Event 138718069,-0.565276
Event 138718069,-0.743202
Event 138718069,0.311515
Event 138718069,-0.304239
Event 138718059,0.932401
Event 138718059,-0.96456
Event 138718058,-0.16711
Event 138718077,0.146774
Event 138718077,0.042245
Event 138718035,0.89793
Event 138718035,-0.0658786
Event 138718040,-0.785097
Event 138718088,0.810989
Event 138718061,-0.53882
Event 138718054,0.467676
Event 138718054,-0.445001
Event 138718089,0.356729
Event 138718089,0.495651
Event 138718045,0.418777
Event 138718045,0.172565
Event 138718101,-0.20866
Event 138718114,0.105551
Event 138718114,0.837873
Event 138718115,-0.270963
Event 138718115,0.301382
Event 138718115,-0.39187
Event 138718117,0.417227
Event 138718130,-0.705446
